"","player","season","salary","inflation_adjusted_salary","games","war"
"1","A.J. Burnett",1999,0.2,0.28,7,0.3
"2","A.J. Burnett",2000,0.204,0.277,13,0.7
"3","A.J. Burnett",2001,0.25,0.33,27,1.7
"4","A.J. Burnett",2002,0.368,0.477,31,4
"5","A.J. Burnett",2003,2.5,3.172,4,0.1
"6","A.J. Burnett",2004,2.5,3.09,20,1.8
"7","A.J. Burnett",2005,3.65,4.363,32,3.4
"8","A.J. Burnett",2006,2.2,2.548,21,1.9
"9","A.J. Burnett",2007,13.2,14.861,25,2.4
"10","A.J. Burnett",2008,13.2,14.312,35,2.4
"11","A.J. Burnett",2009,16.5,17.954,33,4.4
"12","A.J. Burnett",2010,16.5,17.663,33,-0.8
"13","A.J. Burnett",2011,16.5,17.122,33,0.8
"14","A.J. Burnett",2012,16.5,16.777,31,2.2
"15","Aaron Rowand",2002,0.225,0.292,126,1.2
"16","Aaron Rowand",2003,0.32,0.406,93,0.8
"17","Aaron Rowand",2004,0.34,0.42,140,5.7
"18","Aaron Rowand",2005,2,2.391,157,3.7
"19","Aaron Rowand",2006,3.25,3.763,109,0.5
"20","Aaron Rowand",2007,4.35,4.897,161,5.1
"21","Aaron Rowand",2008,9.6,10.409,152,0.6
"22","Aaron Rowand",2009,9.6,10.446,144,0.9
"23","Aaron Rowand",2010,13.6,14.559,105,0.3
"24","Aaron Rowand",2011,13.6,14.113,108,0.5
"25","Adam Jones",2008,0.39,0.423,132,2.1
"26","Adam Jones",2009,0.435,0.473,119,2.6
"27","Adam Jones",2010,0.465,0.498,149,2.4
"28","Adam Jones",2011,3.25,3.373,151,3.2
"29","Adam Jones",2012,6.15,6.253,162,3.8
"30","Adam Wainwright",2006,0.327,0.379,61,1.4
"31","Adam Wainwright",2007,0.41,0.462,32,2.8
"32","Adam Wainwright",2008,0.688,0.745,20,2.6
"33","Adam Wainwright",2009,2.788,3.033,34,6.2
"34","Adam Wainwright",2010,4.838,5.179,33,6.3
"35","Adam Wainwright",2012,9,9.151,32,1.1
"36","Adrian Beltre",1998,0.17,0.243,77,0.2
"37","Adrian Beltre",1999,0.22,0.308,152,3.8
"38","Adrian Beltre",2000,1,1.356,138,3.4
"39","Adrian Beltre",2001,1.25,1.648,126,0.8
"40","Adrian Beltre",2002,2.8,3.634,159,2
"41","Adrian Beltre",2003,3.7,4.695,158,3.6
"42","Adrian Beltre",2004,5,6.18,156,9.6
"43","Adrian Beltre",2005,11.4,13.626,156,3.2
"44","Adrian Beltre",2006,12.9,14.938,156,5.4
"45","Adrian Beltre",2007,12.9,14.523,149,3.8
"46","Adrian Beltre",2008,13.4,14.529,143,5.5
"47","Adrian Beltre",2009,13.4,14.581,111,3.3
"48","Adrian Beltre",2010,9,9.635,154,7.8
"49","Adrian Beltre",2011,14,14.528,124,5.8
"50","Adrian Beltre",2012,15,15.252,156,7
"51","Adrian Gonzalez",2005,0.316,0.378,43,-0.6
"52","Adrian Gonzalez",2006,0.328,0.379,156,3
"53","Adrian Gonzalez",2007,0.5,0.563,161,2.5
"54","Adrian Gonzalez",2008,0.875,0.949,162,3.5
"55","Adrian Gonzalez",2009,3.125,3.4,160,6.9
"56","Adrian Gonzalez",2010,4.875,5.219,160,4.3
"57","Adrian Gonzalez",2011,6.3,6.538,159,6.9
"58","Adrian Gonzalez",2012,21,21.353,159,2.32452830188679
"59","Adrian Gonzalez",2012,21,21.353,159,2.32452830188679
"60","Al Hrabosky",1976,0.045,0.185,68,0.2
"61","Al Hrabosky",1980,0.44,1.247,45,0.2
"62","Al Hrabosky",1981,0.44,1.13,24,1.2
"63","Al Hrabosky",1982,0.44,1.064,31,-0.8
"64","Albert Belle",1989,0.068,0.128,62,0
"65","Albert Belle",1990,0.117,0.209,9,-0.1
"66","Albert Belle",1991,0.13,0.223,123,2.5
"67","Albert Belle",1992,0.175,0.291,153,1.9
"68","Albert Belle",1993,1.675,2.707,159,4.7
"69","Albert Belle",1994,2.775,4.371,106,5.7
"70","Albert Belle",1995,4.5,6.894,143,6.9
"71","Albert Belle",1996,5.7,8.484,158,5.7
"72","Albert Belle",1997,10,14.542,161,1.5
"73","Albert Belle",1998,10,14.322,163,7
"74","Albert Belle",1999,11.95,16.745,161,3.4
"75","Albert Belle",2000,12.869,17.444,141,0.6
"76","Albert Pujols",2001,0.2,0.264,161,6.6
"77","Albert Pujols",2002,0.6,0.779,157,5.5
"78","Albert Pujols",2003,0.9,1.142,157,8.6
"79","Albert Pujols",2004,7,8.651,154,8.4
"80","Albert Pujols",2005,11,13.148,161,8.4
"81","Albert Pujols",2006,14,16.212,143,8.4
"82","Albert Pujols",2007,12.938,14.566,158,8.7
"83","Albert Pujols",2008,13.871,15.039,148,9.2
"84","Albert Pujols",2009,14.427,15.698,160,9.7
"85","Albert Pujols",2010,14.596,15.625,159,7.5
"86","Albert Pujols",2011,14.508,15.056,147,5.4
"87","Albert Pujols",2012,12,12.202,154,5
"88","Alex Rios",2005,0.331,0.396,146,1.2
"89","Alex Rios",2006,0.354,0.41,128,4.6
"90","Alex Rios",2007,2.535,2.854,161,5.6
"91","Alex Rios",2008,4.835,5.242,155,5.9
"92","Alex Rios",2009,6.4,6.964,149,0.922147651006711
"93","Alex Rios",2009,6.4,6.964,149,0.922147651006711
"94","Alex Rios",2010,10.2,10.919,147,3.2
"95","Alex Rios",2011,12.5,12.972,145,-1.7
"96","Alex Rios",2012,12,12.202,157,4.6
"97","Alex Rodriguez",1994,0.442,0.697,17,-0.2
"98","Alex Rodriguez",1995,0.442,0.678,48,-0.4
"99","Alex Rodriguez",1996,0.442,0.658,146,9.3
"100","Alex Rodriguez",1997,1.062,1.545,141,5.6
"101","Alex Rodriguez",1998,2.163,3.097,161,8.5
"102","Alex Rodriguez",1999,3.112,4.362,129,4.8
"103","Alex Rodriguez",2000,4.362,5.914,148,10.3
"104","Alex Rodriguez",2001,22,29.004,162,8.4
"105","Alex Rodriguez",2002,22,28.553,162,8.8
"106","Alex Rodriguez",2003,22,27.918,161,8.4
"107","Alex Rodriguez",2004,22,27.19,155,7.6
"108","Alex Rodriguez",2005,26,31.077,162,9.4
"109","Alex Rodriguez",2006,21.681,25.106,154,4.5
"110","Alex Rodriguez",2007,22.709,25.566,158,9.4
"111","Alex Rodriguez",2008,28,30.359,138,6.8
"112","Alex Rodriguez",2009,33,35.907,124,4.2
"113","Alex Rodriguez",2010,33,35.327,137,4.2
"114","Alex Rodriguez",2011,32,33.207,99,3.8
"115","Alex Rodriguez",2012,29,29.488,122,2.3
"116","Alfredo Griffin",1985,0.61,1.324,162,1
"117","Alfredo Griffin",1986,0.578,1.23,162,3.4
"118","Alfredo Griffin",1987,0.608,1.249,144,1.7
"119","Alfredo Griffin",1988,0.75,1.48,95,0.3
"120","Alfredo Griffin",1989,1,1.883,136,0.7
"121","Alfredo Griffin",1990,1,1.787,141,-2.3
"122","Alfredo Griffin",1991,0.9,1.543,109,-0.3
"123","Alfredo Griffin",1992,0.638,1.06,63,0.2
"124","Alfredo Griffin",1993,0.5,0.808,46,-0.3
"125","Allen Craig",2010,0.4,0.428,44,0.1
"126","Allen Craig",2011,0.414,0.43,75,2.4
"127","Allen Craig",2012,0.495,0.503,119,2.3
"128","Andre Ethier",2007,0.388,0.436,153,1.1
"129","Andre Ethier",2008,0.424,0.46,141,2.2
"130","Andre Ethier",2009,3.1,3.373,160,2.9
"131","Andre Ethier",2010,5.75,6.155,139,1.9
"132","Andre Ethier",2011,9.5,9.858,135,2.4
"133","Andre Ethier",2012,10.95,11.134,149,3.8
"134","Andrew McCutchen",2010,0.422,0.452,154,3.7
"135","Andrew McCutchen",2011,0.452,0.47,158,5.4
"136","Andrew McCutchen",2012,0.5,0.508,157,7.2
"137","Andruw Jones",1996,0.109,0.162,31,0.1
"138","Andruw Jones",1997,0.152,0.222,153,3.3
"139","Andruw Jones",1998,0.215,0.308,159,7.4
"140","Andruw Jones",1999,0.33,0.462,162,7
"141","Andruw Jones",2000,3.7,5.016,161,8.1
"142","Andruw Jones",2001,8.2,10.811,161,4.9
"143","Andruw Jones",2002,10,12.979,154,6.6
"144","Andruw Jones",2003,12,15.228,156,4.9
"145","Andruw Jones",2004,12.5,15.449,154,3.2
"146","Andruw Jones",2005,13,15.538,160,6.7
"147","Andruw Jones",2006,13.5,15.633,156,5.6
"148","Andruw Jones",2007,14,15.762,154,3
"149","Andruw Jones",2008,14.727,15.967,75,-1.6
"150","Andruw Jones",2009,0.5,0.544,82,0.3
"151","Andruw Jones",2010,0.5,0.535,107,1.9
"152","Andruw Jones",2011,1.5,1.557,77,0.9
"153","Andruw Jones",2012,2,2.034,94,0.3
"154","Anibal Sanchez",2007,0.381,0.429,6,0.3
"155","Anibal Sanchez",2008,0.39,0.423,10,-0.2
"156","Anibal Sanchez",2009,0.4,0.435,16,1.7
"157","Anibal Sanchez",2010,1.25,1.338,32,3.2
"158","Anibal Sanchez",2011,3.7,3.84,32,3.8
"159","Anibal Sanchez",2012,8,8.135,31,1.2
"160","Anibal Sanchez",2012,8,8.135,31,1.2
"161","Aramis Ramirez",1998,0.17,0.243,72,-1.5
"162","Aramis Ramirez",2000,0.23,0.312,73,-1
"163","Aramis Ramirez",2001,0.285,0.376,158,4.1
"164","Aramis Ramirez",2002,0.5,0.649,142,-1.3
"165","Aramis Ramirez",2003,3,3.807,159,1.02264150943396
"166","Aramis Ramirez",2003,3,3.807,159,1.02264150943396
"167","Aramis Ramirez",2004,6,7.415,145,4.3
"168","Aramis Ramirez",2005,8.95,10.698,123,3.6
"169","Aramis Ramirez",2006,10.75,12.448,157,3.5
"170","Aramis Ramirez",2007,9,10.132,132,5.2
"171","Aramis Ramirez",2008,15,16.264,149,2.9
"172","Aramis Ramirez",2009,16.65,18.117,82,1.7
"173","Aramis Ramirez",2010,16.75,17.931,124,-1
"174","Aramis Ramirez",2011,14.6,15.151,149,2.7
"175","Aramis Ramirez",2012,6,6.101,149,5.6
"176","Aroldis Chapman",2010,1,1.071,15,0.4
"177","Aroldis Chapman",2011,3.836,3.98,54,0.4
"178","Aroldis Chapman",2012,2,2.034,68,3.6
"179","B.J. Ryan",1999,0.2,0.28,14,0.464285714285714
"180","B.J. Ryan",1999,0.2,0.28,14,0.464285714285714
"181","B.J. Ryan",2000,0.204,0.277,42,-0.1
"182","B.J. Ryan",2001,0.21,0.277,61,-0.2
"183","B.J. Ryan",2002,0.3,0.389,67,0.1
"184","B.J. Ryan",2003,0.762,0.968,76,1.6
"185","B.J. Ryan",2004,1.275,1.576,76,3.4
"186","B.J. Ryan",2005,2.6,3.108,69,2.4
"187","B.J. Ryan",2006,4,4.632,65,3.5
"188","B.J. Ryan",2007,7,7.881,5,-0.6
"189","B.J. Ryan",2008,12,13.011,60,1.1
"190","B.J. Ryan",2009,12,13.057,25,-0.3
"191","B.J. Upton",2007,0.387,0.436,129,4.4
"192","B.J. Upton",2008,0.412,0.447,145,3.4
"193","B.J. Upton",2009,0.435,0.473,144,1.1
"194","B.J. Upton",2010,3,3.212,154,1.3
"195","B.J. Upton",2011,4.825,5.007,153,3.1
"196","B.J. Upton",2012,7,7.118,146,2.9
"197","Barry Bonds",1986,0.06,0.128,113,3.5
"198","Barry Bonds",1987,0.1,0.205,150,5.8
"199","Barry Bonds",1988,0.22,0.434,144,6.2
"200","Barry Bonds",1989,0.36,0.678,159,8
"201","Barry Bonds",1990,0.85,1.519,151,9.7
"202","Barry Bonds",1991,2.3,3.942,153,7.9
"203","Barry Bonds",1992,4.8,7.985,140,9
"204","Barry Bonds",1993,4.517,7.299,159,9.9
"205","Barry Bonds",1994,5.167,8.137,112,6.2
"206","Barry Bonds",1995,8.167,12.511,144,7.5
"207","Barry Bonds",1996,8.417,12.528,158,9.7
"208","Barry Bonds",1997,8.667,12.603,159,8.1
"209","Barry Bonds",1998,8.917,12.771,156,8.1
"210","Barry Bonds",1999,9.381,13.146,102,3.8
"211","Barry Bonds",2000,10.659,14.449,143,7.7
"212","Barry Bonds",2001,10.3,13.579,153,11.9
"213","Barry Bonds",2002,15,19.468,143,11.8
"214","Barry Bonds",2003,15.5,19.669,130,9.2
"215","Barry Bonds",2004,18,22.246,147,10.6
"216","Barry Bonds",2005,22,26.296,14,0.6
"217","Barry Bonds",2006,19.331,22.385,130,4
"218","Barry Bonds",2007,15.534,17.488,126,3.4
"219","Barry Zito",2000,0.2,0.271,14,3.4
"220","Barry Zito",2001,0.24,0.316,35,4.5
"221","Barry Zito",2002,0.295,0.383,35,7.2
"222","Barry Zito",2003,1,1.269,35,5.3
"223","Barry Zito",2004,3,3.708,34,2.8
"224","Barry Zito",2005,5.6,6.693,35,3.3
"225","Barry Zito",2006,7.9,9.148,34,4.4
"226","Barry Zito",2007,10,11.258,34,2
"227","Barry Zito",2008,14.5,15.721,32,-0.1
"228","Barry Zito",2009,18.5,20.13,33,2.6
"229","Barry Zito",2010,18.5,19.804,34,1.5
"230","Barry Zito",2011,18.5,19.198,13,-0.6
"231","Barry Zito",2012,19,19.319,32,0.2
"232","Bill Buckner",1977,0.1,0.385,122,-0.7
"233","Bill Buckner",1985,0.748,1.622,162,1.5
"234","Bill Buckner",1986,0.785,1.672,153,-0.4
"235","Bill Buckner",1987,0.367,0.753,132,-0.463636363636364
"236","Bill Buckner",1987,0.367,0.753,132,-0.463636363636364
"237","Bill Buckner",1987,0.062,0.128,132,-0.463636363636364
"238","Bill Buckner",1987,0.062,0.128,132,-0.463636363636364
"239","Bill Buckner",1988,0.4,0.79,108,-0.876851851851852
"240","Bill Buckner",1988,0.4,0.79,108,-0.876851851851852
"241","Bill Buckner",1989,0.4,0.753,79,-1.2
"242","Bobby Abreu",1997,0.15,0.218,59,0.4
"243","Bobby Abreu",1998,0.18,0.258,151,6.4
"244","Bobby Abreu",1999,0.4,0.561,152,6.1
"245","Bobby Abreu",2000,2.933,3.976,154,6.2
"246","Bobby Abreu",2001,4.983,6.569,162,5.1
"247","Bobby Abreu",2002,6.333,8.22,157,5.8
"248","Bobby Abreu",2003,9.1,11.548,158,5.3
"249","Bobby Abreu",2004,10.6,13.101,159,6.6
"250","Bobby Abreu",2005,13.1,15.658,162,3.6
"251","Bobby Abreu",2006,13.6,15.748,156,1.96282051282051
"252","Bobby Abreu",2006,13.6,15.748,156,1.96282051282051
"253","Bobby Abreu",2007,15,16.887,158,2.4
"254","Bobby Abreu",2008,16,17.348,156,2.7
"255","Bobby Abreu",2009,5,5.441,152,3.2
"256","Bobby Abreu",2010,9,9.635,154,1.7
"257","Bobby Abreu",2011,9,9.339,142,1.5
"258","Bobby Abreu",2012,9,9.151,100,-0.284
"259","Bobby Abreu",2012,9,9.151,100,-0.284
"260","Bobby Bonilla",1986,0.115,0.245,138,0.0891304347826087
"261","Bobby Bonilla",1986,0.115,0.245,138,0.0891304347826087
"262","Bobby Bonilla",1987,0.115,0.236,141,2.9
"263","Bobby Bonilla",1988,0.23,0.454,159,5.1
"264","Bobby Bonilla",1989,0.74,1.394,163,4.9
"265","Bobby Bonilla",1990,1.25,2.234,160,4
"266","Bobby Bonilla",1991,2.4,4.113,157,3.9
"267","Bobby Bonilla",1992,6.1,10.147,128,1.4
"268","Bobby Bonilla",1993,6.2,10.019,139,3.2
"269","Bobby Bonilla",1994,6.3,9.922,108,2.8
"270","Bobby Bonilla",1995,5.3,8.12,141,1.78085106382979
"271","Bobby Bonilla",1995,5.3,8.12,141,1.78085106382979
"272","Bobby Bonilla",1996,5.1,7.591,159,1.1
"273","Bobby Bonilla",1997,5.6,8.143,153,2
"274","Bobby Bonilla",1998,5.9,8.45,100,-0.808
"275","Bobby Bonilla",1998,5.9,8.45,100,-0.808
"276","Bobby Bonilla",1999,5.9,8.268,60,-1.4
"277","Bobby Bonilla",2000,0.2,0.271,114,-1.2
"278","Bobby Bonilla",2001,0.9,1.187,93,-1
"279","Brady Anderson",1988,0.062,0.123,94,0.0872340425531915
"280","Brady Anderson",1988,0.062,0.123,94,0.0872340425531915
"281","Brady Anderson",1990,0.12,0.214,89,0.4
"282","Brady Anderson",1991,0.165,0.283,113,1
"283","Brady Anderson",1992,0.365,0.607,159,5.1
"284","Brady Anderson",1993,1.855,2.998,142,2.8
"285","Brady Anderson",1994,3.083,4.856,111,2.7
"286","Brady Anderson",1995,3.333,5.107,143,3
"287","Brady Anderson",1996,3.613,5.378,149,6.9
"288","Brady Anderson",1997,4.05,5.889,151,3.7
"289","Brady Anderson",1998,5.442,7.794,133,1.5
"290","Brady Anderson",1999,5.675,7.952,150,5.8
"291","Brady Anderson",2000,7.127,9.661,141,1.9
"292","Brady Anderson",2001,7.2,9.492,131,-0.3
"293","Brady Anderson",2002,0.2,0.26,34,-0.2
"294","Brandon Phillips",2003,0.301,0.382,112,-0.3
"295","Brandon Phillips",2007,0.408,0.459,158,3.9
"296","Brandon Phillips",2008,2.938,3.185,141,3
"297","Brandon Phillips",2009,5.188,5.645,153,2.8
"298","Brandon Phillips",2010,6.938,7.427,155,4.1
"299","Brandon Phillips",2011,11.438,11.869,150,4.9
"300","Brandon Phillips",2012,12,12.202,147,3.8
"301","Brian McCann",2006,0.334,0.386,130,4.3
"302","Brian McCann",2007,0.44,0.495,139,1
"303","Brian McCann",2008,0.967,1.048,145,5.5
"304","Brian McCann",2009,3.7,4.026,138,3.2
"305","Brian McCann",2010,5.7,6.102,143,3.6
"306","Brian McCann",2011,6.7,6.953,128,2.7
"307","Brian McCann",2012,11.5,11.693,121,0.8
"308","Bruce Sutter",1977,0.05,0.193,62,6.5
"309","Bruce Sutter",1979,0.225,0.724,62,4.9
"310","Bruce Sutter",1980,0.7,1.983,60,3.3
"311","Bruce Sutter",1981,0.975,2.504,48,1.6
"312","Bruce Sutter",1982,0.975,2.358,70,0.9
"313","Bruce Sutter",1985,1.354,2.939,58,-0.1
"314","Bruce Sutter",1986,1.729,3.682,16,0.2
"315","Bruce Sutter",1988,1.729,3.413,38,-0.4
"316","C.J. Wilson",2006,0.331,0.383,44,0.3
"317","C.J. Wilson",2007,0.391,0.44,66,1.7
"318","C.J. Wilson",2008,0.417,0.453,50,-1.3
"319","C.J. Wilson",2009,1.85,2.013,74,1.6
"320","C.J. Wilson",2010,3.1,3.319,33,4.4
"321","C.J. Wilson",2011,7,7.264,34,4.9
"322","C.J. Wilson",2012,10,10.168,34,0.7
"323","CC Sabathia",2002,0.7,0.909,33,3.2
"324","CC Sabathia",2003,1.1,1.396,30,3.7
"325","CC Sabathia",2004,2.7,3.337,30,3
"326","CC Sabathia",2005,5.25,6.275,31,1.8
"327","CC Sabathia",2006,7,8.106,28,4.6
"328","CC Sabathia",2007,8.75,9.851,34,6.3
"329","CC Sabathia",2008,11,11.927,35,3.35714285714286
"330","CC Sabathia",2008,11,11.927,35,3.35714285714286
"331","CC Sabathia",2009,15.286,16.632,34,6.2
"332","CC Sabathia",2010,24.286,25.998,34,4.6
"333","CC Sabathia",2011,24.286,25.202,33,7.5
"334","CC Sabathia",2012,23,23.387,28,3.5
"335","Cameron Maybin",2009,0.4,0.435,54,-0.1
"336","Cameron Maybin",2010,0.405,0.434,82,1.1
"337","Cameron Maybin",2011,0.429,0.445,137,4.5
"338","Cameron Maybin",2012,0.5,0.508,147,2.9
"339","Carl Crawford",2003,0.3,0.381,151,2.3
"340","Carl Crawford",2004,0.32,0.395,152,4.9
"341","Carl Crawford",2005,0.37,0.442,156,4.3
"342","Carl Crawford",2006,2.625,3.04,151,4.5
"343","Carl Crawford",2007,4.125,4.644,143,3.9
"344","Carl Crawford",2008,5.375,5.828,109,2.5
"345","Carl Crawford",2009,8.25,8.977,156,5
"346","Carl Crawford",2010,10,10.705,154,6.9
"347","Carl Crawford",2011,14.857,15.418,130,0.1
"348","Carlos Beltran",1998,0.17,0.243,14,0.3
"349","Carlos Beltran",1999,0.2,0.28,156,4.7
"350","Carlos Beltran",2000,0.35,0.474,98,0.9
"351","Carlos Beltran",2001,0.425,0.56,155,6.4
"352","Carlos Beltran",2002,3.5,4.543,162,4.3
"353","Carlos Beltran",2003,6,7.614,141,5.8
"354","Carlos Beltran",2004,9,11.123,159,3.54528301886792
"355","Carlos Beltran",2004,9,11.123,159,3.54528301886792
"356","Carlos Beltran",2005,11.571,13.831,151,2.9
"357","Carlos Beltran",2006,13.571,15.715,140,8.2
"358","Carlos Beltran",2007,13.571,15.279,144,5.4
"359","Carlos Beltran",2008,18.623,20.192,161,6.9
"360","Carlos Beltran",2009,19.244,20.939,81,3.6
"361","Carlos Beltran",2010,19.402,20.769,64,0.7
"362","Carlos Beltran",2011,19.325,20.054,142,2.72535211267606
"363","Carlos Beltran",2011,19.325,20.054,142,2.72535211267606
"364","Carlos Beltran",2012,13,13.219,151,3.8
"365","Carlos Gonzalez",2009,0.403,0.439,89,1.8
"366","Carlos Gonzalez",2010,0.406,0.435,145,5.9
"367","Carlos Gonzalez",2011,1.429,1.482,127,4.4
"368","Carlos Gonzalez",2012,5,5.084,135,1.5
"369","Carlos Lee",1999,0.2,0.28,127,0.7
"370","Carlos Lee",2000,0.275,0.373,152,2.5
"371","Carlos Lee",2001,0.4,0.527,150,1.5
"372","Carlos Lee",2002,2.7,3.504,140,2.9
"373","Carlos Lee",2003,4.2,5.33,158,3.2
"374","Carlos Lee",2004,6.5,8.033,153,5
"375","Carlos Lee",2005,8,9.562,162,0.9
"376","Carlos Lee",2006,8.5,9.843,161,1.72360248447205
"377","Carlos Lee",2006,8.5,9.843,161,1.72360248447205
"378","Carlos Lee",2007,11.5,12.947,162,2.3
"379","Carlos Lee",2008,12.5,13.553,115,2.7
"380","Carlos Lee",2009,19,20.674,160,1.8
"381","Carlos Lee",2010,19,20.34,157,-2
"382","Carlos Lee",2011,19,19.717,155,4
"383","Carlos Lee",2012,18.5,18.811,147,-0.0755102040816326
"384","Carlos Lee",2012,18.5,18.811,147,-0.0755102040816326
"385","Carlos Santana",2011,0.417,0.432,155,3.7
"386","Carlos Santana",2012,0.502,0.51,143,4.1
"387","Carlos Zambrano",2003,0.34,0.431,32,5.5
"388","Carlos Zambrano",2004,0.45,0.556,31,6.7
"389","Carlos Zambrano",2005,3.76,4.494,33,5.6
"390","Carlos Zambrano",2006,6.5,7.527,33,5.2
"391","Carlos Zambrano",2007,12.4,13.96,34,3.4
"392","Carlos Zambrano",2008,16,17.348,30,4.3
"393","Carlos Zambrano",2009,18.75,20.402,28,3
"394","Carlos Zambrano",2010,18.875,20.206,36,2.8
"395","Carlos Zambrano",2011,18.875,19.587,24,0.8
"396","Carlos Zambrano",2012,18,18.303,35,0.3
"397","Chan Ho Park",1994,0.109,0.172,2,-0.1
"398","Chan Ho Park",1995,0.114,0.175,2,0
"399","Chan Ho Park",1996,0.124,0.185,48,1.4
"400","Chan Ho Park",1997,0.27,0.393,32,3.5
"401","Chan Ho Park",1998,0.7,1.003,34,3
"402","Chan Ho Park",1999,2.3,3.223,33,0.2
"403","Chan Ho Park",2000,3.85,5.219,34,5
"404","Chan Ho Park",2001,9.9,13.052,36,4.1
"405","Chan Ho Park",2002,6.885,8.936,25,0.4
"406","Chan Ho Park",2003,13,16.497,7,-0.4
"407","Chan Ho Park",2004,14,17.303,16,0.5
"408","Chan Ho Park",2005,15,17.929,30,0.3
"409","Chan Ho Park",2005,15,17.929,30,0.3
"410","Chan Ho Park",2006,15.505,17.955,24,-0.4
"411","Chan Ho Park",2009,2.5,2.72,45,0.3
"412","Chan Ho Park",2010,1.2,1.285,53,-0.156603773584906
"413","Chan Ho Park",2010,1.2,1.285,53,-0.156603773584906
"414","Charles Johnson",1994,0.109,0.172,4,0.3
"415","Charles Johnson",1995,0.114,0.174,97,3
"416","Charles Johnson",1996,0.22,0.327,120,1.1
"417","Charles Johnson",1997,0.29,0.422,124,4.4
"418","Charles Johnson",1998,3.3,4.726,133,0.576691729323308
"419","Charles Johnson",1998,3.3,4.726,133,0.576691729323308
"420","Charles Johnson",1999,3.6,5.045,135,3
"421","Charles Johnson",2000,4.6,6.236,128,2.721875
"422","Charles Johnson",2000,4.6,6.236,128,2.721875
"423","Charles Johnson",2001,5,6.592,128,2.4
"424","Charles Johnson",2002,5,6.489,83,0
"425","Charles Johnson",2003,7,8.883,108,0.8
"426","Charles Johnson",2004,9,11.123,109,1.3
"427","Chase Utley",2003,0.3,0.381,43,0.3
"428","Chase Utley",2005,0.345,0.412,147,7.2
"429","Chase Utley",2006,0.5,0.579,160,7.3
"430","Chase Utley",2007,4.786,5.388,132,7.8
"431","Chase Utley",2008,7.786,8.442,159,9
"432","Chase Utley",2009,11.286,12.28,156,8.2
"433","Chase Utley",2010,15.286,16.363,115,5.8
"434","Chase Utley",2011,15.286,15.862,103,3.7
"435","Chase Utley",2012,15,15.252,83,3
"436","Chris Carpenter",1997,0.15,0.218,14,-0.1
"437","Chris Carpenter",1998,0.19,0.272,33,1.9
"438","Chris Carpenter",1999,0.483,0.677,24,2.2
"439","Chris Carpenter",2000,0.733,0.994,34,-0.2
"440","Chris Carpenter",2001,2.583,3.406,34,3.2
"441","Chris Carpenter",2002,3.45,4.478,13,0.5
"442","Chris Carpenter",2004,0.3,0.371,28,3.3
"443","Chris Carpenter",2005,2,2.391,33,5.8
"444","Chris Carpenter",2006,5,5.79,32,5.1
"445","Chris Carpenter",2007,8.5,9.569,1,-0.1
"446","Chris Carpenter",2008,10.5,11.384,4,0.4
"447","Chris Carpenter",2009,13.303,14.475,28,6.5
"448","Chris Carpenter",2010,15.841,16.958,35,3.2
"449","Chris Carpenter",2011,14.259,14.797,34,3.5
"450","Chris Carpenter",2012,10.5,10.677,3,0.2
"451","Chris Sale",2011,0.425,0.441,58,2.3
"452","Chris Sale",2012,0.5,0.508,30,5.9
"453","Chris Young",2007,0.38,0.428,148,0.7
"454","Chris Young",2008,0.406,0.44,160,1.4
"455","Chris Young",2009,1.95,2.122,134,0
"456","Chris Young",2010,3.45,3.693,156,5.5
"457","Chris Young",2011,5.2,5.396,156,5
"458","Chris Young",2012,7,7.118,101,2
"459","Cliff Lee",2003,0.301,0.382,9,0.5
"460","Cliff Lee",2004,0.303,0.375,33,0.3
"461","Cliff Lee",2005,0.345,0.412,32,2.5
"462","Cliff Lee",2006,0.406,0.47,33,2
"463","Cliff Lee",2007,3,3.377,20,-0.8
"464","Cliff Lee",2008,4,4.337,31,6.9
"465","Cliff Lee",2009,6,6.529,34,3.17058823529412
"466","Cliff Lee",2009,6,6.529,34,3.17058823529412
"467","Cliff Lee",2010,9,9.635,28,2.32857142857143
"468","Cliff Lee",2010,9,9.635,28,2.32857142857143
"469","Cliff Lee",2011,11,11.415,32,8.6
"470","Cliff Lee",2012,21.5,21.862,30,4.5
"471","Cole Hamels",2007,0.4,0.45,28,4.1
"472","Cole Hamels",2008,0.5,0.542,33,4.3
"473","Cole Hamels",2009,4.35,4.733,32,1.9
"474","Cole Hamels",2010,6.65,7.119,33,5.4
"475","Cole Hamels",2011,9.5,9.858,32,6.6
"476","Cole Hamels",2012,15,15.252,31,4.6
"477","Craig Swan",1977,0.07,0.27,26,0.7
"478","Craig Swan",1978,0.08,0.286,29,5.6
"479","Craig Swan",1979,0.09,0.289,35,4.6
"480","Craig Swan",1980,0.56,1.587,21,1.2
"481","Craig Swan",1981,0.56,1.438,5,0.1
"482","Craig Swan",1982,0.585,1.415,37,2.9
"483","Craig Swan",1983,0.66,1.547,27,-0.9
"484","Craig Swan",1984,0.76,1.708,12,-0.466666666666667
"485","Craig Swan",1984,0.76,1.708,12,-0.466666666666667
"486","Curtis Granderson",2006,0.335,0.388,159,3.3
"487","Curtis Granderson",2007,0.41,0.462,158,7.6
"488","Curtis Granderson",2008,1,1.084,141,3.8
"489","Curtis Granderson",2009,3.5,3.808,160,4.3
"490","Curtis Granderson",2010,5.5,5.888,136,4.5
"491","Curtis Granderson",2011,8.25,8.561,156,5.4
"492","Curtis Granderson",2012,10,10.168,160,3
"493","Daisuke Matsuzaka",2007,6.333,7.13,32,4.1
"494","Daisuke Matsuzaka",2008,8.333,9.035,29,5.3
"495","Daisuke Matsuzaka",2009,8.333,9.068,12,0.4
"496","Daisuke Matsuzaka",2010,8.333,8.921,25,1
"497","Daisuke Matsuzaka",2011,10.333,10.723,8,-0.2
"498","Daisuke Matsuzaka",2012,10,10.168,11,-1.4
"499","Damaso Garcia",1982,0.13,0.314,147,4.5
"500","Damaso Garcia",1983,0.4,0.938,131,1.1
"501","Damaso Garcia",1985,0.74,1.606,146,1.5
"502","Damaso Garcia",1986,0.79,1.682,122,-0.8
"503","Damaso Garcia",1988,0.692,1.365,21,-0.7
"504","Damaso Garcia",1989,0.2,0.377,80,-0.3
"505","Dan Uggla",2006,0.327,0.379,154,3
"506","Dan Uggla",2007,0.392,0.441,159,1.8
"507","Dan Uggla",2008,0.417,0.452,146,4.4
"508","Dan Uggla",2009,5.35,5.821,158,2.1
"509","Dan Uggla",2010,7.8,8.35,159,4.2
"510","Dan Uggla",2011,9.147,9.492,161,2
"511","Dan Uggla",2012,13,13.219,154,2.9
"512","Darren Dreifort",1994,0.109,0.172,27,-0.5
"513","Darren Dreifort",1996,0.134,0.199,19,-0.1
"514","Darren Dreifort",1997,0.22,0.32,48,1.4
"515","Darren Dreifort",1998,0.685,0.981,32,2.6
"516","Darren Dreifort",1999,1.9,2.663,30,0.6
"517","Darren Dreifort",2000,3.7,5.016,32,1.6
"518","Darren Dreifort",2001,9.4,12.393,16,-0.2
"519","Darren Dreifort",2003,12.4,15.736,10,0.3
"520","Darren Dreifort",2004,12.4,15.325,60,0.1
"521","Darryl Strawberry",1983,0.036,0.084,122,2.6
"522","Darryl Strawberry",1984,0.23,0.517,147,2.8
"523","Darryl Strawberry",1985,0.517,1.121,111,4.8
"524","Darryl Strawberry",1986,0.945,2.013,136,3.4
"525","Darryl Strawberry",1987,1.245,2.558,154,6.4
"526","Darryl Strawberry",1988,1.32,2.605,153,5.4
"527","Darryl Strawberry",1989,1.495,2.815,134,4.7
"528","Darryl Strawberry",1990,1.85,3.306,152,6.3
"529","Darryl Strawberry",1991,3.8,6.513,139,3.6
"530","Darryl Strawberry",1992,4.05,6.737,43,0.2
"531","Darryl Strawberry",1993,3.8,6.141,32,-1
"532","Darryl Strawberry",1994,0.109,0.172,29,-0.2
"533","Darryl Strawberry",1995,0.675,1.034,32,0.6
"534","Darryl Strawberry",1996,0.3,0.447,63,0.4
"535","Darryl Strawberry",1997,0.75,1.091,11,-0.5
"536","Darryl Strawberry",1998,0.875,1.253,101,1.5
"537","Dave Roberts",1981,0.26,0.668,27,-0.1
"538","Dave Roberts",1982,0.26,0.629,28,-0.4
"539","Dave Winfield",1977,0.09,0.347,157,5.2
"540","Dave Winfield",1981,1.3,3.338,105,2.6
"541","Dave Winfield",1983,1.661,3.893,152,2.5
"542","Dave Winfield",1984,1.821,4.091,141,5.3
"543","Dave Winfield",1985,1.796,3.898,155,3.4
"544","Dave Winfield",1986,1.887,4.018,154,3.1
"545","Dave Winfield",1987,1.912,3.928,156,1.8
"546","Dave Winfield",1988,1.959,3.866,149,5.4
"547","Dave Winfield",1990,1.959,3.5,132,0.872727272727273
"548","Dave Winfield",1990,1.959,3.5,132,0.872727272727273
"549","Dave Winfield",1991,3.3,5.656,150,0.5
"550","Dave Winfield",1992,2.3,3.826,156,4
"551","Dave Winfield",1993,2.7,4.363,143,0.2
"552","Dave Winfield",1994,2.725,4.292,77,0.1
"553","Dave Winfield",1995,0.6,0.919,46,-1
"554","David DeJesus",2005,0.32,0.382,122,4.4
"555","David DeJesus",2006,0.5,0.579,119,3
"556","David DeJesus",2007,2,2.252,157,2.6
"557","David DeJesus",2008,2.5,2.711,135,2.2
"558","David DeJesus",2009,3.6,3.917,144,2.2
"559","David DeJesus",2010,4.7,5.031,91,1.9
"560","David DeJesus",2011,6,6.226,131,1.2
"561","David DeJesus",2012,4.25,4.321,148,1.8
"562","David Wright",2005,0.322,0.385,160,4.7
"563","David Wright",2006,0.374,0.433,154,4.1
"564","David Wright",2007,1.25,1.407,160,8.3
"565","David Wright",2008,5.25,5.692,160,6.8
"566","David Wright",2009,7.75,8.433,144,3.2
"567","David Wright",2010,10.25,10.973,157,2.8
"568","David Wright",2011,14.25,14.788,102,1.9
"569","David Wright",2012,15,15.252,156,6.9
"570","Denard Span",2009,0.435,0.473,145,3.7
"571","Denard Span",2010,0.75,0.803,153,1.5
"572","Denard Span",2011,1,1.038,70,2.4
"573","Denard Span",2012,3,3.05,128,5.1
"574","Denny Neagle",1992,0.11,0.183,55,-0.9
"575","Denny Neagle",1993,0.14,0.226,50,-0.5
"576","Denny Neagle",1994,0.22,0.346,24,0.2
"577","Denny Neagle",1995,0.74,1.134,31,4.7
"578","Denny Neagle",1996,2.3,3.423,33,4.97272727272727
"579","Denny Neagle",1996,2.3,3.423,33,4.97272727272727
"580","Denny Neagle",1997,3.61,5.25,34,4.5
"581","Denny Neagle",1998,4.5,6.445,32,2.4
"582","Denny Neagle",1999,4.75,6.656,20,1.3
"583","Denny Neagle",2000,4.75,6.439,34,1.67647058823529
"584","Denny Neagle",2000,4.75,6.439,34,1.67647058823529
"585","Denny Neagle",2001,7.2,9.492,30,1.2
"586","Denny Neagle",2002,7,9.085,35,0.7
"587","Denny Neagle",2003,9,11.421,7,-0.7
"588","Derek Holland",2010,0.414,0.444,14,0.5
"589","Derek Holland",2011,0.432,0.448,32,2.6
"590","Derek Holland",2012,1,1.017,29,1.7
"591","Derek Jeter",1996,0.13,0.193,157,3.3
"592","Derek Jeter",1997,0.55,0.8,159,4.9
"593","Derek Jeter",1998,0.75,1.074,149,7.5
"594","Derek Jeter",1999,5,7.007,158,8
"595","Derek Jeter",2000,10,13.556,148,4.6
"596","Derek Jeter",2001,12.6,16.611,150,5.1
"597","Derek Jeter",2002,14.6,18.949,157,3.7
"598","Derek Jeter",2003,15.6,19.796,119,3.5
"599","Derek Jeter",2004,18.6,22.988,154,4.2
"600","Derek Jeter",2005,19.6,23.427,159,3.8
"601","Derek Jeter",2006,20.6,23.854,154,5.5
"602","Derek Jeter",2007,21.6,24.318,156,3.9
"603","Derek Jeter",2008,21.6,23.419,150,3
"604","Derek Jeter",2009,21.6,23.503,153,6.6
"605","Derek Jeter",2010,22.6,24.193,157,1.8
"606","Derek Jeter",2011,14.729,15.285,131,0.9
"607","Derek Jeter",2012,16,16.269,159,2.2
"608","Derrek Lee",1998,0.172,0.246,141,0.8
"609","Derrek Lee",1999,0.265,0.371,70,-0.9
"610","Derrek Lee",2000,0.225,0.305,158,2
"611","Derrek Lee",2001,0.375,0.494,158,2
"612","Derrek Lee",2002,2.7,3.504,162,3
"613","Derrek Lee",2003,4.25,5.393,155,2.8
"614","Derrek Lee",2004,6.167,7.621,161,2.6
"615","Derrek Lee",2005,7.667,9.164,158,7.7
"616","Derrek Lee",2006,9.417,10.904,50,0.8
"617","Derrek Lee",2007,13.25,14.917,150,3.5
"618","Derrek Lee",2008,13.25,14.366,155,1.8
"619","Derrek Lee",2009,13.25,14.417,141,5.4
"620","Derrek Lee",2010,13.25,14.184,148,0.531756756756757
"621","Derrek Lee",2010,13.25,14.184,148,0.531756756756757
"622","Derrek Lee",2011,7.25,7.523,113,0.198230088495575
"623","Derrek Lee",2011,7.25,7.523,113,0.198230088495575
"624","Don Mattingly",1983,0.035,0.082,91,0.5
"625","Don Mattingly",1984,0.13,0.292,153,6.3
"626","Don Mattingly",1985,0.455,0.988,159,6.4
"627","Don Mattingly",1986,1.375,2.928,162,7.2
"628","Don Mattingly",1987,1.975,4.058,141,5.1
"629","Don Mattingly",1988,2,3.948,144,3.8
"630","Don Mattingly",1989,2.2,4.143,158,4.2
"631","Don Mattingly",1990,2.5,4.467,102,-0.3
"632","Don Mattingly",1991,3.42,5.862,152,1.6
"633","Don Mattingly",1992,3.62,6.022,157,2.7
"634","Don Mattingly",1993,3.82,6.173,134,2.7
"635","Don Mattingly",1994,4.02,6.331,97,2.3
"636","Don Mattingly",1995,4.42,6.771,128,-0.2
"637","Don Stanhouse",1972,0.014,0.075,24,0.5
"638","Don Stanhouse",1973,0.018,0.095,21,-0.1
"639","Don Stanhouse",1974,0.014,0.066,18,-0.2
"640","Don Stanhouse",1980,0.42,1.19,21,-0.7
"641","Don Stanhouse",1982,0.42,1.016,17,-0.2
"642","Doug Flynn",1979,0.1,0.322,157,-1.7
"643","Doug Flynn",1980,0.14,0.397,128,1
"644","Doug Flynn",1981,0.17,0.437,105,-0.3
"645","Doug Flynn",1985,0.35,0.76,41,-0.121951219512195
"646","Doug Flynn",1985,0.35,0.76,41,-0.121951219512195
"647","Dustin Pedroia",2007,0.38,0.428,139,3.9
"648","Dustin Pedroia",2008,0.457,0.495,157,6.9
"649","Dustin Pedroia",2009,1.75,1.904,154,5.6
"650","Dustin Pedroia",2010,3.75,4.014,75,3.2
"651","Dustin Pedroia",2011,5.75,5.967,159,7.9
"652","Dustin Pedroia",2012,8,8.135,141,4.9
"653","Eric Chavez",1998,0.17,0.243,16,0.2
"654","Eric Chavez",1999,0.201,0.282,115,2.1
"655","Eric Chavez",2000,0.24,0.325,153,2.4
"656","Eric Chavez",2001,0.625,0.824,151,6
"657","Eric Chavez",2002,2.125,2.758,153,4.2
"658","Eric Chavez",2003,3.675,4.664,156,5.3
"659","Eric Chavez",2004,5.325,6.581,125,5.5
"660","Eric Chavez",2005,8.5,10.16,160,4.7
"661","Eric Chavez",2006,9.5,11.001,137,2.8
"662","Eric Chavez",2007,9.5,10.695,90,2.1
"663","Eric Chavez",2008,11.5,12.469,23,0.2
"664","Eric Chavez",2009,11.5,12.513,8,-0.5
"665","Eric Chavez",2010,12.5,13.381,33,-0.2
"666","Eric Chavez",2011,1.5,1.557,58,0.3
"667","Eric Chavez",2012,0.9,0.915,113,1.6
"668","Eric Hinske",2002,0.2,0.26,151,4
"669","Eric Hinske",2003,0.6,0.761,124,1.9
"670","Eric Hinske",2004,0.9,1.112,155,-0.6
"671","Eric Hinske",2005,3.1,3.705,147,1.1
"672","Eric Hinske",2006,4.425,5.124,109,0.715596330275229
"673","Eric Hinske",2006,4.425,5.124,109,0.715596330275229
"674","Eric Hinske",2007,5.625,6.333,84,-0.3
"675","Eric Hinske",2008,0.8,0.867,133,1.4
"676","Eric Hinske",2009,1.5,1.632,93,0.232258064516129
"677","Eric Hinske",2009,1.5,1.632,93,0.232258064516129
"678","Eric Hinske",2010,1,1.071,131,0.3
"679","Eric Hinske",2011,1.35,1.401,117,0.2
"680","Eric Hinske",2012,1.5,1.525,91,-1
"681","Evan Longoria",2008,0.5,0.542,122,4.8
"682","Evan Longoria",2009,0.55,0.598,157,7.1
"683","Evan Longoria",2010,0.95,1.017,151,8.1
"684","Evan Longoria",2011,2,2.075,133,7.5
"685","Evan Longoria",2012,4.5,4.576,74,2.5
"686","Felix Hernandez",2006,0.34,0.394,31,1.3
"687","Felix Hernandez",2007,0.42,0.473,30,3.9
"688","Felix Hernandez",2008,0.54,0.585,31,3.9
"689","Felix Hernandez",2009,3.8,4.135,34,6
"690","Felix Hernandez",2010,7.2,7.708,34,7.1
"691","Felix Hernandez",2011,11.7,12.141,33,3.7
"692","Felix Hernandez",2012,18.5,18.811,33,4.7
"693","Gary Matthews Jr.",2001,0.225,0.297,152,0.260526315789474
"694","Gary Matthews Jr.",2001,0.225,0.297,152,0.260526315789474
"695","Gary Matthews Jr.",2002,0.238,0.308,111,2.35675675675676
"696","Gary Matthews Jr.",2002,0.238,0.308,111,2.35675675675676
"697","Gary Matthews Jr.",2003,0.9,1.142,144,1.33125
"698","Gary Matthews Jr.",2003,0.9,1.142,144,1.33125
"699","Gary Matthews Jr.",2005,1.1,1.315,131,3
"700","Gary Matthews Jr.",2006,2.388,2.765,147,5.2
"701","Gary Matthews Jr.",2007,6.4,7.205,140,1
"702","Gary Matthews Jr.",2008,9.4,10.192,127,-1
"703","Gary Matthews Jr.",2009,10.4,11.316,103,-0.1
"704","Gary Matthews Jr.",2010,11.4,12.204,36,-0.6
"705","Gil Meche",1999,0.2,0.28,16,1.5
"706","Gil Meche",2000,0.252,0.342,15,1.9
"707","Gil Meche",2003,0.325,0.412,32,1.7
"708","Gil Meche",2004,1.95,2.41,23,1
"709","Gil Meche",2005,2.535,3.03,29,-0.2
"710","Gil Meche",2006,3.7,4.284,32,0.9
"711","Gil Meche",2007,7.4,8.331,34,4.2
"712","Gil Meche",2008,11.4,12.36,34,5
"713","Gil Meche",2009,11.4,12.404,23,1.1
"714","Gil Meche",2010,12.4,13.274,20,-0.1
"715","Gio Gonzalez",2009,0.405,0.441,20,-0.3
"716","Gio Gonzalez",2010,0.405,0.434,33,4
"717","Gio Gonzalez",2011,0.42,0.436,32,4.3
"718","Gio Gonzalez",2012,3.25,3.305,32,4.9
"719","Grady Sizemore",2005,0.318,0.38,158,6.6
"720","Grady Sizemore",2006,0.5,0.579,162,6.6
"721","Grady Sizemore",2007,0.917,1.032,162,5.5
"722","Grady Sizemore",2008,3.167,3.433,157,5.9
"723","Grady Sizemore",2009,4.767,5.187,106,2.2
"724","Grady Sizemore",2010,5.767,6.173,33,-0.4
"725","Grady Sizemore",2011,7.667,7.956,71,0
"726","Greg Minton",1981,0.18,0.462,55,1.7
"727","Greg Minton",1982,0.343,0.83,78,5.4
"728","Greg Minton",1983,0.75,1.758,73,0.3
"729","Greg Minton",1984,0.75,1.685,74,0.9
"730","Greg Minton",1985,0.865,1.877,68,0.7
"731","Greg Minton",1986,0.765,1.629,48,-0.8
"732","Greg Minton",1987,0.75,1.541,56,1.20535714285714
"733","Greg Minton",1987,0.75,1.541,56,1.20535714285714
"734","Greg Minton",1988,0.5,0.987,44,0.4
"735","Greg Minton",1989,0.83,1.563,62,2.7
"736","Greg Minton",1990,0.85,1.519,11,0.4
"737","Hanley Ramirez",2006,0.327,0.379,158,4.9
"738","Hanley Ramirez",2007,0.402,0.453,154,4.3
"739","Hanley Ramirez",2008,0.439,0.476,153,6.8
"740","Hanley Ramirez",2009,5.5,5.985,151,7.3
"741","Hanley Ramirez",2010,7,7.494,142,2.7
"742","Hanley Ramirez",2011,11,11.415,92,0.2
"743","Hanley Ramirez",2012,15,15.252,157,0.640764331210191
"744","Hanley Ramirez",2012,15,15.252,157,0.640764331210191
"745","Hunter Pence",2008,0.396,0.429,157,2.3
"746","Hunter Pence",2009,0.439,0.478,159,4
"747","Hunter Pence",2010,3.5,3.747,156,3.2
"748","Hunter Pence",2011,6.9,7.16,154,2.91428571428571
"749","Hunter Pence",2011,6.9,7.16,154,2.91428571428571
"750","Hunter Pence",2012,10.4,10.575,160,0.57875
"751","Hunter Pence",2012,10.4,10.575,160,0.57875
"752","Ian Kinsler",2006,0.327,0.379,120,1.9
"753","Ian Kinsler",2007,0.391,0.44,130,4.1
"754","Ian Kinsler",2008,0.7,0.759,121,4.6
"755","Ian Kinsler",2009,3.2,3.482,144,6
"756","Ian Kinsler",2010,4.2,4.496,103,4.2
"757","Ian Kinsler",2011,6.2,6.434,155,7
"758","Ian Kinsler",2012,7,7.118,157,2.1
"759","Ichiro Suzuki",2001,5.667,7.471,157,7.7
"760","Ichiro Suzuki",2002,3.696,4.797,157,3.5
"761","Ichiro Suzuki",2003,4.667,5.922,159,5.6
"762","Ichiro Suzuki",2004,6.5,8.033,161,9.2
"763","Ichiro Suzuki",2005,12.5,14.941,162,3.9
"764","Ichiro Suzuki",2006,12.5,14.475,161,5.3
"765","Ichiro Suzuki",2007,12.5,14.073,161,5.8
"766","Ichiro Suzuki",2008,17.102,18.543,162,5.3
"767","Ichiro Suzuki",2009,18,19.586,146,4.7
"768","Ichiro Suzuki",2010,18,19.269,162,3.7
"769","Ichiro Suzuki",2011,18,18.679,161,0.4
"770","Ichiro Suzuki",2012,17,17.286,162,1.12098765432099
"771","Ichiro Suzuki",2012,17,17.286,162,1.12098765432099
"772","J.D. Drew",1999,1.792,2.511,104,2.7
"773","J.D. Drew",2000,1.75,2.372,135,3.6
"774","J.D. Drew",2001,2.75,3.625,109,5.5
"775","J.D. Drew",2002,3.1,4.023,135,2.8
"776","J.D. Drew",2003,3.7,4.695,100,2.5
"777","J.D. Drew",2004,4.2,5.191,145,8.3
"778","J.D. Drew",2005,9.4,11.235,72,3.2
"779","J.D. Drew",2006,11.4,13.201,146,4
"780","J.D. Drew",2007,14,15.762,140,2.1
"781","J.D. Drew",2008,14,15.179,109,2.6
"782","J.D. Drew",2009,14,15.233,137,4.3
"783","J.D. Drew",2010,14,14.987,139,3.1
"784","J.D. Drew",2011,14,14.528,81,-0.9
"785","Jake Peavy",2003,0.305,0.387,32,1.8
"786","Jake Peavy",2004,0.35,0.433,27,4.9
"787","Jake Peavy",2005,0.75,0.896,30,4.6
"788","Jake Peavy",2006,2.5,2.895,32,2
"789","Jake Peavy",2007,4.75,5.348,34,6.2
"790","Jake Peavy",2008,6.5,7.048,27,3.9
"791","Jake Peavy",2009,11,11.969,16,0.63125
"792","Jake Peavy",2009,11,11.969,16,0.63125
"793","Jake Peavy",2010,15,16.058,17,1.6
"794","Jake Peavy",2011,16,16.604,19,1
"795","Jake Peavy",2012,17,17.286,32,5.2
"796","Jason Giambi",1995,0.109,0.167,54,0.9
"797","Jason Giambi",1996,0.12,0.179,140,1.1
"798","Jason Giambi",1997,0.205,0.298,142,1.8
"799","Jason Giambi",1998,0.315,0.451,153,2.6
"800","Jason Giambi",1999,2.103,2.947,158,5.9
"801","Jason Giambi",2000,3.103,4.207,152,7.8
"802","Jason Giambi",2001,4.103,5.41,154,9.1
"803","Jason Giambi",2002,10.429,13.535,155,7.1
"804","Jason Giambi",2003,11.429,14.503,156,4.8
"805","Jason Giambi",2004,12.429,15.361,80,-0.1
"806","Jason Giambi",2005,13.429,16.051,139,4.6
"807","Jason Giambi",2006,20.429,23.656,139,2.8
"808","Jason Giambi",2007,23.429,26.376,83,0.9
"809","Jason Giambi",2008,23.429,25.402,145,1.9
"810","Jason Giambi",2009,4,4.352,102,-0.206862745098039
"811","Jason Giambi",2009,4,4.352,102,-0.206862745098039
"812","Jason Giambi",2010,1.75,1.873,87,-0.2
"813","Jason Giambi",2011,1,1.038,64,1.1
"814","Jason Giambi",2012,1,1.017,60,-0.2
"815","Jason Kendall",1996,0.109,0.162,130,1.6
"816","Jason Kendall",1997,0.235,0.342,144,4.1
"817","Jason Kendall",1998,0.6,0.859,149,5.6
"818","Jason Kendall",1999,1.25,1.752,78,4.1
"819","Jason Kendall",2000,2.25,3.05,152,4.5
"820","Jason Kendall",2001,5.1,6.724,157,0.1
"821","Jason Kendall",2002,6.571,8.529,145,2.3
"822","Jason Kendall",2003,8.571,10.877,150,4.4
"823","Jason Kendall",2004,8.571,10.593,147,3.9
"824","Jason Kendall",2005,10.571,12.636,150,2.4
"825","Jason Kendall",2006,11.492,13.308,143,3.7
"826","Jason Kendall",2007,12.858,14.476,137,0.751094890510949
"827","Jason Kendall",2007,12.858,14.476,137,0.751094890510949
"828","Jason Kendall",2008,4.25,4.608,151,2.9
"829","Jason Kendall",2009,5,5.441,134,0.1
"830","Jason Kendall",2010,2.25,2.409,118,0.5
"831","Jay Bruce",2009,0.418,0.454,101,1.3
"832","Jay Bruce",2010,0.44,0.471,148,4.8
"833","Jay Bruce",2011,2.792,2.897,157,2.2
"834","Jay Bruce",2012,5,5.084,155,1.6
"835","Jayson Werth",2003,0.3,0.381,26,0
"836","Jayson Werth",2004,0.303,0.374,89,3
"837","Jayson Werth",2005,0.337,0.403,102,1.3
"838","Jayson Werth",2007,0.85,0.957,94,3
"839","Jayson Werth",2008,1.7,1.843,134,3.7
"840","Jayson Werth",2009,2.5,2.72,159,4.5
"841","Jayson Werth",2010,7.5,8.029,156,4.6
"842","Jayson Werth",2011,10.571,10.97,150,1.3
"843","Jayson Werth",2012,13,13.219,81,0.7
"844","Jeff Niemann",2009,1.29,1.404,31,2.4
"845","Jeff Niemann",2010,1.032,1.105,30,0.7
"846","Jeff Niemann",2011,0.903,0.937,23,0.7
"847","Jeff Niemann",2012,2.75,2.796,8,0.6
"848","Jeff Samardzija",2008,2,2.168,26,0.6
"849","Jeff Samardzija",2009,2,2.176,20,-0.6
"850","Jeff Samardzija",2010,3,3.212,7,-0.8
"851","Jeff Samardzija",2011,3.3,3.424,75,1.1
"852","Jeff Samardzija",2012,2.64,2.684,28,1.8
"853","Jered Weaver",2007,0.385,0.433,28,2.7
"854","Jered Weaver",2008,0.435,0.472,30,2.4
"855","Jered Weaver",2009,0.465,0.506,33,3.4
"856","Jered Weaver",2010,4.265,4.566,34,5.4
"857","Jered Weaver",2011,7.365,7.643,33,7
"858","Jered Weaver",2012,14,14.235,30,4
"859","Jerry Remy",1977,0.08,0.308,154,2
"860","Jerry Remy",1979,0.1,0.322,80,0.7
"861","Jhonny Peralta",2005,0.317,0.379,141,5.1
"862","Jhonny Peralta",2006,0.377,0.437,149,0.9
"863","Jhonny Peralta",2007,1,1.126,152,2.7
"864","Jhonny Peralta",2008,2.5,2.711,154,3.6
"865","Jhonny Peralta",2009,3.65,3.972,151,1
"866","Jhonny Peralta",2010,4.85,5.192,148,1.45337837837838
"867","Jhonny Peralta",2010,4.85,5.192,148,1.45337837837838
"868","Jhonny Peralta",2011,5.25,5.448,146,3.8
"869","Jhonny Peralta",2012,5.5,5.592,150,1.2
"870","Jim Thome",1991,0.1,0.171,27,-0.1
"871","Jim Thome",1992,0.11,0.183,40,-0.1
"872","Jim Thome",1993,0.135,0.218,47,1.2
"873","Jim Thome",1994,0.325,0.512,98,2
"874","Jim Thome",1995,0.825,1.264,137,5.9
"875","Jim Thome",1996,1.6,2.381,151,7.5
"876","Jim Thome",1997,2.625,3.817,147,5.4
"877","Jim Thome",1998,4.8,6.875,123,3.3
"878","Jim Thome",1999,8.225,11.526,146,4.5
"879","Jim Thome",2000,8.175,11.082,158,4.8
"880","Jim Thome",2001,7.875,10.382,156,5.6
"881","Jim Thome",2002,8,10.383,147,7.4
"882","Jim Thome",2003,11.167,14.17,159,4.7
"883","Jim Thome",2004,12.167,15.037,143,3.2
"884","Jim Thome",2005,13.167,15.738,59,0.2
"885","Jim Thome",2006,14.167,16.405,143,4.9
"886","Jim Thome",2007,14.833,16.7,130,3.6
"887","Jim Thome",2008,15.667,16.986,149,2
"888","Jim Thome",2009,13,14.145,124,1.28064516129032
"889","Jim Thome",2009,13,14.145,124,1.28064516129032
"890","Jim Thome",2010,1.5,1.606,108,3.5
"891","Jim Thome",2011,3,3.113,93,0.905376344086022
"892","Jim Thome",2011,3,3.113,93,0.905376344086022
"893","Jim Thome",2012,1.25,1.271,58,0.258620689655172
"894","Jim Thome",2012,1.25,1.271,58,0.258620689655172
"895","Jimmy Rollins",2001,0.2,0.264,158,2.3
"896","Jimmy Rollins",2002,0.355,0.461,154,2.4
"897","Jimmy Rollins",2003,0.45,0.571,156,2.8
"898","Jimmy Rollins",2004,2.425,2.997,154,4.7
"899","Jimmy Rollins",2005,3.85,4.602,158,4.9
"900","Jimmy Rollins",2006,5,5.79,158,4.6
"901","Jimmy Rollins",2007,8,9.007,162,6.1
"902","Jimmy Rollins",2008,8,8.674,137,5.4
"903","Jimmy Rollins",2009,8.5,9.249,155,1.7
"904","Jimmy Rollins",2010,8.5,9.099,88,2.1
"905","Jimmy Rollins",2011,8.5,8.821,142,2.5
"906","Jimmy Rollins",2012,11,11.185,156,2.4
"907","Joey Votto",2008,0.39,0.423,151,3.3
"908","Joey Votto",2009,0.438,0.476,131,4.8
"909","Joey Votto",2010,0.525,0.562,150,7.2
"910","Joey Votto",2011,7.411,7.69,161,6.4
"911","Joey Votto",2012,9.5,9.66,111,5.7
"912","Johan Santana",2000,0.2,0.271,30,0.1
"913","Johan Santana",2001,0.212,0.28,15,0.2
"914","Johan Santana",2003,0.335,0.425,45,4.2
"915","Johan Santana",2004,1.6,1.977,34,8.6
"916","Johan Santana",2005,4.75,5.678,33,7.2
"917","Johan Santana",2006,8.75,10.132,34,7.5
"918","Johan Santana",2007,13,14.636,33,5
"919","Johan Santana",2008,16.984,18.415,34,7.1
"920","Johan Santana",2009,18.876,20.539,25,3.3
"921","Johan Santana",2010,20.145,21.565,29,4.6
"922","Johan Santana",2012,24,24.404,21,0.2
"923","John Curtis",1973,0.02,0.105,35,1.9
"924","John Curtis",1980,0.415,1.176,30,1.1
"925","John Curtis",1981,0.34,0.873,28,-0.8
"926","John Curtis",1982,0.34,0.822,34,-0.529411764705882
"927","John Curtis",1982,0.34,0.822,34,-0.529411764705882
"928","John Curtis",1983,0.34,0.797,37,0.7
"929","John Curtis",1984,0.365,0.82,17,0
"930","John Danks",2007,0.38,0.428,26,1.1
"931","John Danks",2008,0.4,0.434,33,6.4
"932","John Danks",2009,0.52,0.566,32,5
"933","John Danks",2010,3.45,3.693,32,5.5
"934","John Danks",2011,6,6.226,27,1.9
"935","John Danks",2012,2,2.034,9,-0.2
"936","John Lackey",2003,0.315,0.4,33,1.3
"937","John Lackey",2004,0.375,0.463,33,2.2
"938","John Lackey",2005,0.44,0.526,33,4.2
"939","John Lackey",2006,3.34,3.868,33,4.7
"940","John Lackey",2007,5.833,6.567,33,6.3
"941","John Lackey",2008,7.333,7.951,24,3.5
"942","John Lackey",2009,10,10.881,27,1.8
"943","John Lackey",2010,18.7,20.018,33,1.8
"944","John Lackey",2011,15.95,16.552,28,-1.9
"945","John Stearns",1977,0.045,0.173,139,3.3
"946","John Stearns",1979,0.3,0.965,155,1.4
"947","John Stearns",1981,0.4,1.027,80,1.9
"948","John Stearns",1982,0.4,0.968,98,3.8
"949","John Stearns",1983,0.4,0.938,4,0
"950","John Stearns",1984,0.4,0.899,8,-0.1
"951","Johnny Ray",1983,0.165,0.387,151,5.1
"952","Johnny Ray",1984,0.165,0.371,155,4.6
"953","Johnny Ray",1985,0.632,1.372,154,0.5
"954","Johnny Ray",1986,0.757,1.612,155,4.4
"955","Johnny Ray",1987,0.807,1.658,153,0.801960784313726
"956","Johnny Ray",1987,0.807,1.658,153,0.801960784313726
"957","Johnny Ray",1988,0.732,1.445,153,2.5
"958","Johnny Ray",1989,0.85,1.601,134,1.2
"959","Johnny Ray",1990,1.125,2.01,105,0.7
"960","Jon Lester",2007,0.384,0.432,12,0.9
"961","Jon Lester",2008,0.422,0.457,33,6.1
"962","Jon Lester",2009,1,1.088,32,6.3
"963","Jon Lester",2010,3.75,4.014,32,5.2
"964","Jon Lester",2011,5.75,5.967,31,4.4
"965","Jon Lester",2012,7.625,7.753,33,0.7
"966","Jonathan Lucroy",2011,0.424,0.44,136,0.9
"967","Jonathan Lucroy",2012,0.5,0.508,96,3.6
"968","Jonathon Niese",2010,0.402,0.43,30,0
"969","Jonathon Niese",2011,0.452,0.469,27,0.5
"970","Jonathon Niese",2012,0.77,0.782,30,3.4
"971","Jorge Posada",1997,0.158,0.23,60,0.6
"972","Jorge Posada",1998,0.25,0.358,111,2.9
"973","Jorge Posada",1999,0.35,0.49,112,1.1
"974","Jorge Posada",2000,1.25,1.694,151,5.5
"975","Jorge Posada",2001,4.05,5.339,138,2.9
"976","Jorge Posada",2002,7,9.085,143,4.1
"977","Jorge Posada",2003,8,10.152,142,5.9
"978","Jorge Posada",2004,9,11.123,137,3.5
"979","Jorge Posada",2005,11,13.148,142,4.4
"980","Jorge Posada",2006,12,13.896,143,4
"981","Jorge Posada",2007,12,13.51,144,5.4
"982","Jorge Posada",2008,13.1,14.203,51,0.2
"983","Jorge Posada",2009,13.1,14.254,111,1.6
"984","Jorge Posada",2010,13.1,14.024,120,1.3
"985","Jorge Posada",2011,13.1,13.594,115,-0.5
"986","Jose Bautista",2004,0.3,0.371,64,-0.25625
"987","Jose Bautista",2004,0.3,0.371,64,-0.25625
"988","Jose Bautista",2004,0.3,0.371,64,-0.25625
"989","Jose Bautista",2004,0.3,0.371,64,-0.25625
"990","Jose Bautista",2007,0.398,0.448,142,-0.6
"991","Jose Bautista",2008,1.8,1.952,128,0.0671875
"992","Jose Bautista",2008,1.8,1.952,128,0.0671875
"993","Jose Bautista",2009,2.4,2.611,113,2.9
"994","Jose Bautista",2010,2.4,2.569,161,7.1
"995","Jose Bautista",2011,8,8.302,149,8.1
"996","Jose Bautista",2012,14,14.235,92,3.4
"997","Jose Reyes",2004,0.308,0.38,53,0.5
"998","Jose Reyes",2005,0.332,0.397,161,1.5
"999","Jose Reyes",2006,0.402,0.465,153,5.8
"1000","Jose Reyes",2007,2.875,3.237,160,5.1
"1001","Jose Reyes",2008,4.375,4.744,159,4.7
"1002","Jose Reyes",2009,6.125,6.665,36,0.9
"1003","Jose Reyes",2010,9.375,10.036,133,2.3
"1004","Jose Reyes",2011,11,11.415,126,4.7
"1005","Jose Reyes",2012,10,10.168,160,2.9
"1006","Jose Tabata",2011,0.428,0.444,91,0.3
"1007","Jose Tabata",2012,0.75,0.763,103,0
"1008","Josh Hamilton",2007,0.38,0.428,90,2.5
"1009","Josh Hamilton",2008,0.397,0.43,156,5.4
"1010","Josh Hamilton",2009,0.555,0.604,89,0.6
"1011","Josh Hamilton",2010,3.25,3.479,133,8.9
"1012","Josh Hamilton",2011,8.75,9.08,121,3.6
"1013","Josh Hamilton",2012,13.75,13.981,148,3.7
"1014","Juan Pierre",2001,0.215,0.283,156,3.1
"1015","Juan Pierre",2002,0.6,0.779,152,0.6
"1016","Juan Pierre",2003,1,1.269,162,3.4
"1017","Juan Pierre",2004,2.4,2.966,162,3.9
"1018","Juan Pierre",2005,3.7,4.422,162,0.4
"1019","Juan Pierre",2006,5.75,6.658,162,2
"1020","Juan Pierre",2007,7.5,8.444,162,0.9
"1021","Juan Pierre",2008,8,8.674,119,-0.1
"1022","Juan Pierre",2009,10,10.881,145,1.2
"1023","Juan Pierre",2010,7,7.494,160,0.1
"1024","Juan Pierre",2011,8.5,8.821,158,-0.7
"1025","Juan Pierre",2012,0.8,0.813,130,2
"1026","Justin Morneau",2005,0.345,0.412,141,1.2
"1027","Justin Morneau",2006,0.385,0.446,157,4.3
"1028","Justin Morneau",2007,4.5,5.066,157,2.9
"1029","Justin Morneau",2008,8.4,9.108,163,4.3
"1030","Justin Morneau",2009,11.6,12.622,135,3.4
"1031","Justin Morneau",2010,15,16.058,81,4.6
"1032","Justin Morneau",2011,15,15.566,69,-1.1
"1033","Justin Morneau",2012,14,14.235,134,1.3
"1034","Justin Upton",2008,0.393,0.426,108,0.8
"1035","Justin Upton",2009,0.412,0.448,138,4
"1036","Justin Upton",2010,0.708,0.758,133,1.6
"1037","Justin Upton",2011,4.458,4.627,159,6.1
"1038","Justin Upton",2012,6.75,6.863,150,2.3
"1039","Justin Verlander",2006,0.98,1.135,30,4.1
"1040","Justin Verlander",2007,1.03,1.16,32,4.2
"1041","Justin Verlander",2008,1.13,1.225,33,1.9
"1042","Justin Verlander",2009,3.675,3.999,35,5.6
"1043","Justin Verlander",2010,6.85,7.333,33,4.3
"1044","Justin Verlander",2011,12.85,13.335,34,8.4
"1045","Justin Verlander",2012,20,20.336,33,7.8
"1046","Kei Igawa",2007,4,4.503,14,-0.4
"1047","Kei Igawa",2008,4,4.337,2,-0.2
"1048","Keith Hernandez",1977,0.06,0.231,161,4.1
"1049","Keith Hernandez",1979,0.075,0.241,161,7.6
"1050","Keith Hernandez",1980,0.76,2.153,159,6.6
"1051","Keith Hernandez",1981,0.76,1.951,103,4.2
"1052","Keith Hernandez",1982,0.76,1.838,160,4.5
"1053","Keith Hernandez",1983,0.949,2.223,150,3.16333333333333
"1054","Keith Hernandez",1983,0.949,2.223,150,3.16333333333333
"1055","Keith Hernandez",1984,1.673,3.759,154,6.3
"1056","Keith Hernandez",1985,1.1,2.388,158,5
"1057","Keith Hernandez",1986,1.65,3.514,149,5.5
"1058","Keith Hernandez",1987,1.8,3.699,154,3.4
"1059","Keith Hernandez",1988,1.85,3.652,95,2.2
"1060","Keith Hernandez",1989,2,3.766,75,-0.2
"1061","Keith Hernandez",1990,1.75,3.127,43,-0.7
"1062","Kendrys Morales",2009,1.1,1.197,152,4.4
"1063","Kendrys Morales",2010,1.2,1.285,51,1.7
"1064","Kendrys Morales",2012,2.975,3.025,134,2.2
"1065","Kent Hrbek",1982,0.04,0.097,140,3.6
"1066","Kent Hrbek",1983,0.11,0.258,141,3
"1067","Kent Hrbek",1984,0.375,0.843,149,5.6
"1068","Kent Hrbek",1985,0.56,1.215,158,2.8
"1069","Kent Hrbek",1986,1.06,2.257,149,2.9
"1070","Kent Hrbek",1987,1.31,2.692,143,4.1
"1071","Kent Hrbek",1988,1.41,2.783,143,4.4
"1072","Kent Hrbek",1989,1.56,2.938,109,3.8
"1073","Kent Hrbek",1990,2.1,3.752,143,1.9
"1074","Kent Hrbek",1991,2.6,4.456,132,2.7
"1075","Kent Hrbek",1992,3.1,5.157,112,1.6
"1076","Kent Hrbek",1993,3.1,5.01,123,2.1
"1077","Kent Hrbek",1994,3.1,4.882,81,-0.2
"1078","Kevin Millwood",1998,0.175,0.251,31,0.8
"1079","Kevin Millwood",1999,0.23,0.322,33,6.1
"1080","Kevin Millwood",2000,0.42,0.569,36,1.7
"1081","Kevin Millwood",2001,3.1,4.087,21,0.6
"1082","Kevin Millwood",2002,3.9,5.062,35,3.7
"1083","Kevin Millwood",2003,9.9,12.563,35,2.3
"1084","Kevin Millwood",2004,11,13.595,25,0.6
"1085","Kevin Millwood",2005,7,8.367,30,4
"1086","Kevin Millwood",2006,7.869,9.112,34,2.7
"1087","Kevin Millwood",2007,9.836,11.074,31,0.2
"1088","Kevin Millwood",2008,10.369,11.242,29,0.7
"1089","Kevin Millwood",2009,12.869,14.003,31,4.7
"1090","Kevin Millwood",2010,12,12.846,31,0.5
"1091","Kevin Millwood",2012,1,1.017,28,0.6
"1092","Larry McWilliams",1981,0.07,0.18,6,0.7
"1093","Larry McWilliams",1982,0.09,0.218,46,0.180434782608695
"1094","Larry McWilliams",1982,0.09,0.218,46,0.180434782608695
"1095","Larry McWilliams",1985,0.797,1.729,30,0.1
"1096","Larry McWilliams",1986,1.08,2.3,49,-1
"1097","Larry McWilliams",1987,0.9,1.849,9,-0.1
"1098","Larry McWilliams",1988,0.062,0.123,42,0.7
"1099","Larry McWilliams",1989,0.068,0.128,48,0.25
"1100","Larry McWilliams",1989,0.068,0.128,48,0.25
"1101","Larry McWilliams",1990,0.3,0.536,13,-0.4
"1102","Lee Smith",1985,0.67,1.454,65,2.6
"1103","Lee Smith",1986,0.72,1.533,66,3.2
"1104","Lee Smith",1987,0.84,1.726,62,2.8
"1105","Lee Smith",1988,0.85,1.678,64,1.3
"1106","Lee Smith",1989,1.425,2.684,64,1
"1107","Lee Smith",1990,1.2,2.144,64,1.428125
"1108","Lee Smith",1990,1.2,2.144,64,1.428125
"1109","Lee Smith",1991,2.792,4.785,67,2.3
"1110","Lee Smith",1992,2.792,4.644,70,0.6
"1111","Lee Smith",1993,2.692,4.35,63,-0.0365079365079365
"1112","Lee Smith",1993,2.692,4.35,63,-0.0365079365079365
"1113","Lee Smith",1994,2.025,3.189,41,0.8
"1114","Lee Smith",1995,2.561,3.924,52,1.3
"1115","Lee Smith",1996,2.1,3.126,54,0.518518518518518
"1116","Lee Smith",1996,2.1,3.126,54,0.518518518518518
"1117","Lee Smith",1997,0.4,0.582,25,-0.4
"1118","Lenny Dykstra",1986,0.092,0.197,147,4.7
"1119","Lenny Dykstra",1987,0.202,0.416,132,3.8
"1120","Lenny Dykstra",1988,0.305,0.602,126,3.5
"1121","Lenny Dykstra",1989,0.575,1.083,146,0.873972602739726
"1122","Lenny Dykstra",1989,0.575,1.083,146,0.873972602739726
"1123","Lenny Dykstra",1990,0.7,1.251,149,8.9
"1124","Lenny Dykstra",1991,2.217,3.799,63,3.1
"1125","Lenny Dykstra",1992,2.317,3.854,85,2.4
"1126","Lenny Dykstra",1993,3.067,4.956,161,6.5
"1127","Lenny Dykstra",1994,2.65,4.174,84,2.3
"1128","Lenny Dykstra",1995,6.2,9.498,62,0.7
"1129","Lenny Dykstra",1996,6.2,9.228,40,2
"1130","Leonys Martin",2011,1.5,1.557,8,0.1
"1131","Leonys Martin",2012,2.25,2.288,24,-0.2
"1132","Lloyd Moseby",1985,0.588,1.275,152,3.1
"1133","Lloyd Moseby",1986,0.732,1.56,152,2
"1134","Lloyd Moseby",1987,0.808,1.659,155,4
"1135","Lloyd Moseby",1988,0.858,1.693,128,1.9
"1136","Lloyd Moseby",1989,1.375,2.589,135,1.5
"1137","Lloyd Moseby",1990,1.4,2.502,122,1
"1138","Lloyd Moseby",1991,1.6,2.742,74,0.5
"1139","Madison Bumgarner",2011,0.45,0.467,33,2.4
"1140","Madison Bumgarner",2012,0.56,0.569,32,2.1
"1141","Magglio Ordonez",1997,0.15,0.218,21,1.2
"1142","Magglio Ordonez",1998,0.175,0.251,145,0.5
"1143","Magglio Ordonez",1999,0.305,0.427,157,5.8
"1144","Magglio Ordonez",2000,0.425,0.576,153,2.7
"1145","Magglio Ordonez",2001,3.75,4.944,160,3.4
"1146","Magglio Ordonez",2002,6.5,8.436,153,5.1
"1147","Magglio Ordonez",2003,9,11.421,160,5.6
"1148","Magglio Ordonez",2004,14,17.303,52,0.9
"1149","Magglio Ordonez",2005,7.2,8.606,82,1.5
"1150","Magglio Ordonez",2006,16.2,18.759,155,1.8
"1151","Magglio Ordonez",2007,13.2,14.861,157,7.3
"1152","Magglio Ordonez",2008,15.768,17.096,146,2.1
"1153","Magglio Ordonez",2009,18.972,20.643,131,0.8
"1154","Magglio Ordonez",2010,17.826,19.083,84,1.4
"1155","Magglio Ordonez",2011,10,10.377,92,-1.5
"1156","Matt Cain",2006,0.328,0.38,32,2.5
"1157","Matt Cain",2007,0.65,0.732,32,4.6
"1158","Matt Cain",2008,0.95,1.03,34,4.6
"1159","Matt Cain",2009,2.9,3.155,33,6.3
"1160","Matt Cain",2010,4.583,4.906,33,4.5
"1161","Matt Cain",2011,7.333,7.61,33,3.7
"1162","Matt Cain",2012,15,15.252,32,3.9
"1163","Matt Harrison",2009,0.406,0.441,11,-0.2
"1164","Matt Harrison",2010,0.406,0.435,37,-0.1
"1165","Matt Harrison",2011,0.429,0.445,31,4
"1166","Matt Harrison",2012,2.95,3,32,6.1
"1167","Matt Holliday",2005,0.366,0.437,125,2.8
"1168","Matt Holliday",2006,0.5,0.579,155,3.4
"1169","Matt Holliday",2007,4.4,4.954,158,6
"1170","Matt Holliday",2008,9.5,10.3,139,5.9
"1171","Matt Holliday",2009,13.5,14.689,156,2.65769230769231
"1172","Matt Holliday",2009,13.5,14.689,156,2.65769230769231
"1173","Matt Holliday",2010,16.333,17.485,158,5.9
"1174","Matt Holliday",2011,16.318,16.933,124,4
"1175","Matt Holliday",2012,17,17.286,157,4
"1176","Matt Moore",2012,1,1.017,31,1.4
"1177","Michael Young",2002,0.25,0.324,156,2
"1178","Michael Young",2003,0.415,0.527,160,2.8
"1179","Michael Young",2004,0.45,0.556,160,1.9
"1180","Michael Young",2005,2.575,3.078,159,3.2
"1181","Michael Young",2006,3.075,3.561,162,3.8
"1182","Michael Young",2007,3.575,4.025,156,3.1
"1183","Michael Young",2008,6.175,6.695,155,3
"1184","Michael Young",2009,13.055,14.205,135,2.8
"1185","Michael Young",2010,13.175,14.104,157,2.1
"1186","Michael Young",2011,16.175,16.785,159,2.3
"1187","Michael Young",2012,16,16.269,156,-2
"1188","Miguel Montero",2007,0.38,0.428,84,-0.6
"1189","Miguel Montero",2008,0.4,0.434,70,-0.4
"1190","Miguel Montero",2009,0.425,0.462,128,3.3
"1191","Miguel Montero",2010,2,2.141,85,1.3
"1192","Miguel Montero",2011,3.2,3.321,140,4.1
"1193","Miguel Montero",2012,5.9,5.999,141,3.9
"1194","Miguel Tejada",1997,0.15,0.218,26,-0.2
"1195","Miguel Tejada",1998,0.172,0.246,105,-0.2
"1196","Miguel Tejada",1999,0.23,0.322,159,3.7
"1197","Miguel Tejada",2000,0.29,0.393,160,4.2
"1198","Miguel Tejada",2001,2.025,2.67,162,4.1
"1199","Miguel Tejada",2002,3.625,4.705,162,5.6
"1200","Miguel Tejada",2003,5.125,6.504,162,4.9
"1201","Miguel Tejada",2004,5,6.18,162,7.4
"1202","Miguel Tejada",2005,11,13.148,162,5.9
"1203","Miguel Tejada",2006,11.811,13.677,162,4.5
"1204","Miguel Tejada",2007,13.811,15.549,133,2.3
"1205","Miguel Tejada",2008,14.811,16.059,158,1.9
"1206","Miguel Tejada",2009,14.811,16.116,158,1.9
"1207","Miguel Tejada",2010,6,6.423,156,0.0807692307692307
"1208","Miguel Tejada",2010,6,6.423,156,0.0807692307692307
"1209","Miguel Tejada",2011,6.5,6.745,91,0
"1210","Mike Mussina",1991,0.1,0.171,12,2.2
"1211","Mike Mussina",1992,0.152,0.254,32,8.2
"1212","Mike Mussina",1993,0.45,0.727,25,1.5
"1213","Mike Mussina",1994,0.775,1.221,24,5.4
"1214","Mike Mussina",1995,2.925,4.481,32,6.1
"1215","Mike Mussina",1996,4,5.954,36,3.6
"1216","Mike Mussina",1997,6.825,9.925,33,5.5
"1217","Mike Mussina",1998,6.755,9.675,29,5
"1218","Mike Mussina",1999,6.623,9.281,31,4.4
"1219","Mike Mussina",2000,6.786,9.199,34,5.6
"1220","Mike Mussina",2001,10,13.184,34,7.1
"1221","Mike Mussina",2002,11,14.277,33,4.5
"1222","Mike Mussina",2003,12,15.228,31,6.6
"1223","Mike Mussina",2004,16,19.774,27,2.4
"1224","Mike Mussina",2005,19,22.71,30,3.4
"1225","Mike Mussina",2006,19,22.001,32,5
"1226","Mike Mussina",2007,11.07,12.463,28,1
"1227","Mike Mussina",2008,11.071,12.004,34,5.2
"1228","Mike Schmidt",1972,0.014,0.075,13,0.1
"1229","Mike Schmidt",1973,0.015,0.079,132,1.9
"1230","Mike Schmidt",1974,0.035,0.166,162,9.7
"1231","Mike Schmidt",1975,0.065,0.282,158,7.7
"1232","Mike Schmidt",1976,0.12,0.492,160,7.9
"1233","Mike Schmidt",1977,0.56,2.157,154,8.9
"1234","Mike Schmidt",1978,0.56,2.004,145,6.2
"1235","Mike Schmidt",1979,0.56,1.801,160,7.9
"1236","Mike Schmidt",1980,0.56,1.587,150,8.8
"1237","Mike Schmidt",1981,0.56,1.438,102,7.7
"1238","Mike Schmidt",1982,1.533,3.709,148,7.4
"1239","Mike Schmidt",1983,1.786,4.185,154,6.8
"1240","Mike Schmidt",1984,2.023,4.546,151,7
"1241","Mike Schmidt",1985,2.13,4.624,158,5
"1242","Mike Schmidt",1986,2.137,4.55,160,6.1
"1243","Mike Schmidt",1987,2.127,4.371,147,6.1
"1244","Mike Schmidt",1988,2.25,4.441,108,1.8
"1245","Moises Alou",1990,0.1,0.179,16,-0.1
"1246","Moises Alou",1990,0.1,0.179,16,-0.1
"1247","Moises Alou",1992,0.11,0.184,115,2.5
"1248","Moises Alou",1993,0.21,0.339,136,2.5
"1249","Moises Alou",1994,1.415,2.229,107,5.1
"1250","Moises Alou",1995,3,4.596,93,1.2
"1251","Moises Alou",1996,3.05,4.54,143,1.2
"1252","Moises Alou",1997,4.5,6.544,150,3.5
"1253","Moises Alou",1998,5.02,7.19,159,6.2
"1254","Moises Alou",2000,5.25,7.117,126,2.6
"1255","Moises Alou",2001,5.25,6.921,136,2.9
"1256","Moises Alou",2002,6,7.787,132,0.2
"1257","Moises Alou",2003,9.5,12.055,151,1.1
"1258","Moises Alou",2004,9.5,11.741,155,3.9
"1259","Moises Alou",2005,7.25,8.666,123,3.4
"1260","Moises Alou",2006,5.828,6.749,98,1.4
"1261","Moises Alou",2007,7.5,8.444,87,2.2
"1262","Moises Alou",2008,7.5,8.132,15,0.1
"1263","Nick Markakis",2006,0.327,0.379,147,2.5
"1264","Nick Markakis",2007,0.4,0.45,161,4.2
"1265","Nick Markakis",2008,0.455,0.493,157,7.5
"1266","Nick Markakis",2009,3.35,3.645,161,2.9
"1267","Nick Markakis",2010,7.1,7.601,160,2.2
"1268","Nick Markakis",2011,10.6,11,160,2.7
"1269","Nick Markakis",2012,12,12.202,104,1.7
"1270","Nick Swisher",2005,0.316,0.378,131,1.6
"1271","Nick Swisher",2006,0.335,0.388,157,3.5
"1272","Nick Swisher",2007,0.4,0.45,150,4.3
"1273","Nick Swisher",2008,3.6,3.903,153,-0.2
"1274","Nick Swisher",2009,5.4,5.876,150,2
"1275","Nick Swisher",2010,6.85,7.333,150,3.8
"1276","Nick Swisher",2011,9.1,9.443,150,1.8
"1277","Nick Swisher",2012,10.25,10.422,148,3.9
"1278","Nolan Ryan",1966,0.004,0.026,2,-0.2
"1279","Nolan Ryan",1968,0.008,0.057,21,1.1
"1280","Nolan Ryan",1969,0.012,0.076,25,0.7
"1281","Nolan Ryan",1971,0.02,0.115,30,-0.2
"1282","Nolan Ryan",1972,0.027,0.151,39,6.2
"1283","Nolan Ryan",1973,0.047,0.247,41,7.7
"1284","Nolan Ryan",1974,0.1,0.473,42,5.9
"1285","Nolan Ryan",1975,0.125,0.542,28,2.6
"1286","Nolan Ryan",1976,0.125,0.513,39,3.6
"1287","Nolan Ryan",1977,0.2,0.77,37,7.8
"1288","Nolan Ryan",1978,0.2,0.716,31,2.5
"1289","Nolan Ryan",1979,0.2,0.643,34,3.8
"1290","Nolan Ryan",1980,1.125,3.187,35,1.7
"1291","Nolan Ryan",1981,1.125,2.889,21,4.7
"1292","Nolan Ryan",1982,1.125,2.721,35,3.2
"1293","Nolan Ryan",1983,1.125,2.637,29,2.6
"1294","Nolan Ryan",1984,1,2.247,30,1.8
"1295","Nolan Ryan",1985,1.35,2.93,35,1.7
"1296","Nolan Ryan",1986,1.125,2.396,30,2.3
"1297","Nolan Ryan",1987,1.225,2.517,34,5.4
"1298","Nolan Ryan",1988,1,1.974,33,2
"1299","Nolan Ryan",1989,1.8,3.39,32,5.1
"1300","Nolan Ryan",1990,1.4,2.502,30,3.6
"1301","Nolan Ryan",1991,3.3,5.656,27,5.2
"1302","Nolan Ryan",1992,4.2,6.987,27,2
"1303","Nolan Ryan",1993,3.757,6.071,13,-0.6
"1304","Nomar Garciaparra",1996,0.109,0.162,24,0.2
"1305","Nomar Garciaparra",1997,0.15,0.218,153,6.6
"1306","Nomar Garciaparra",1998,1.075,1.54,143,7.1
"1307","Nomar Garciaparra",1999,1.4,1.962,135,6.6
"1308","Nomar Garciaparra",2000,3.7,5.016,140,7.4
"1309","Nomar Garciaparra",2001,7.25,9.558,21,0.4
"1310","Nomar Garciaparra",2002,9,11.681,156,6.8
"1311","Nomar Garciaparra",2003,11,13.959,156,6.1
"1312","Nomar Garciaparra",2004,11.5,14.213,81,0.690123456790124
"1313","Nomar Garciaparra",2004,11.5,14.213,81,0.690123456790124
"1314","Nomar Garciaparra",2005,8.25,9.861,62,0.2
"1315","Nomar Garciaparra",2006,6,6.948,122,2.5
"1316","Nomar Garciaparra",2007,8.517,9.588,121,-1.5
"1317","Nomar Garciaparra",2008,9.517,10.318,55,0.8
"1318","Nomar Garciaparra",2009,1,1.088,65,-0.2
"1319","Omar Moreno",1977,0.025,0.096,150,1.5
"1320","Omar Moreno",1983,0.7,1.641,145,1.03724137931034
"1321","Omar Moreno",1983,0.7,1.641,145,1.03724137931034
"1322","Omar Moreno",1983,0.777,1.821,145,1.03724137931034
"1323","Omar Moreno",1983,0.777,1.821,145,1.03724137931034
"1324","Omar Moreno",1984,0.732,1.644,117,-0.1
"1325","Omar Moreno",1986,0.1,0.213,118,-1.4
"1326","Omar Vizquel",1989,0.068,0.128,143,0.7
"1327","Omar Vizquel",1990,0.135,0.241,81,1.5
"1328","Omar Vizquel",1991,0.18,0.309,142,2.1
"1329","Omar Vizquel",1992,0.36,0.599,136,3.5
"1330","Omar Vizquel",1993,1.113,1.798,158,2.6
"1331","Omar Vizquel",1994,2.35,3.701,69,0.7
"1332","Omar Vizquel",1995,2.9,4.443,136,1.4
"1333","Omar Vizquel",1996,3.05,4.54,151,3.3
"1334","Omar Vizquel",1997,3.05,4.435,153,3.5
"1335","Omar Vizquel",1998,3.05,4.368,151,3.4
"1336","Omar Vizquel",1999,3.05,4.274,144,6
"1337","Omar Vizquel",2000,3,4.067,156,2.8
"1338","Omar Vizquel",2001,3,3.955,155,-0.1
"1339","Omar Vizquel",2002,4.5,5.84,151,3
"1340","Omar Vizquel",2003,5.5,6.979,64,2
"1341","Omar Vizquel",2004,6,7.415,148,4
"1342","Omar Vizquel",2005,3.25,3.885,152,1.5
"1343","Omar Vizquel",2006,3.64,4.215,153,2.9
"1344","Omar Vizquel",2007,5.14,5.787,145,0.6
"1345","Omar Vizquel",2008,5,5.421,92,-0.4
"1346","Omar Vizquel",2009,1,1.088,62,0.9
"1347","Omar Vizquel",2010,1.375,1.472,108,0.1
"1348","Omar Vizquel",2011,1.75,1.816,58,-0.4
"1349","Omar Vizquel",2012,0.75,0.763,60,-0.3
"1350","Pat Burrell",2001,1.905,2.511,155,1
"1351","Pat Burrell",2002,1.905,2.472,157,4.5
"1352","Pat Burrell",2003,1.25,1.586,146,0.6
"1353","Pat Burrell",2004,4.25,5.253,127,1.5
"1354","Pat Burrell",2005,7.25,8.666,154,3.6
"1355","Pat Burrell",2006,9.75,11.29,144,1.1
"1356","Pat Burrell",2007,13.25,14.917,155,1.5
"1357","Pat Burrell",2008,14.25,15.45,157,2.3
"1358","Pat Burrell",2009,7,7.617,122,-0.8
"1359","Pat Burrell",2010,9,9.635,120,1.54
"1360","Pat Burrell",2010,9,9.635,120,1.54
"1361","Pat Burrell",2011,1,1.038,92,0.9
"1362","Paul Goldschmidt",2012,0.482,0.49,145,3.3
"1363","Paul Konerko",1998,0.17,0.243,75,-0.530666666666667
"1364","Paul Konerko",1998,0.17,0.243,75,-0.530666666666667
"1365","Paul Konerko",1999,0.215,0.301,142,2.3
"1366","Paul Konerko",2000,0.305,0.413,143,1.5
"1367","Paul Konerko",2001,2.3,3.032,156,2.3
"1368","Paul Konerko",2002,3.8,4.932,151,2
"1369","Paul Konerko",2003,6.25,7.931,137,-0.6
"1370","Paul Konerko",2004,8,9.887,155,2.3
"1371","Paul Konerko",2005,8.75,10.459,158,4.1
"1372","Paul Konerko",2006,12,13.896,152,2.9
"1373","Paul Konerko",2007,12,13.51,151,2
"1374","Paul Konerko",2008,12,13.011,122,0.9
"1375","Paul Konerko",2009,12,13.057,152,2.1
"1376","Paul Konerko",2010,12,12.846,149,4.6
"1377","Paul Konerko",2011,12,12.453,149,3.1
"1378","Paul Konerko",2012,12,12.202,144,1.8
"1379","Preston Wilson",1999,0.201,0.282,149,0.6
"1380","Preston Wilson",2000,0.287,0.389,161,2
"1381","Preston Wilson",2001,1,1.318,123,2.7
"1382","Preston Wilson",2002,3.5,4.543,141,1.4
"1383","Preston Wilson",2003,6.5,8.248,155,2.6
"1384","Preston Wilson",2004,9,11.123,58,-1.1
"1385","Preston Wilson",2005,12.5,14.941,139,-0.21294964028777
"1386","Preston Wilson",2005,12.5,14.941,139,-0.21294964028777
"1387","Preston Wilson",2006,4,4.632,135,-0.986666666666667
"1388","Preston Wilson",2006,4,4.632,135,-0.986666666666667
"1389","Preston Wilson",2007,1,1.126,25,0
"1390","Prince Fielder",2006,0.33,0.382,157,-0.7
"1391","Prince Fielder",2007,0.415,0.467,158,3.6
"1392","Prince Fielder",2008,0.67,0.726,159,1.6
"1393","Prince Fielder",2009,7,7.617,162,6.3
"1394","Prince Fielder",2010,11,11.776,161,1.7
"1395","Prince Fielder",2011,15.5,16.085,162,4.6
"1396","Prince Fielder",2012,23,23.387,162,4.9
"1397","Reggie Jackson",1967,0.005,0.034,35,-0.5
"1398","Reggie Jackson",1968,0.008,0.054,154,5.2
"1399","Reggie Jackson",1969,0.02,0.127,152,9.2
"1400","Reggie Jackson",1970,0.047,0.283,149,2.2
"1401","Reggie Jackson",1971,0.045,0.259,150,6.5
"1402","Reggie Jackson",1972,0.055,0.307,135,5.6
"1403","Reggie Jackson",1973,0.07,0.368,151,7.8
"1404","Reggie Jackson",1974,0.135,0.639,148,5.7
"1405","Reggie Jackson",1975,0.14,0.607,157,6.7
"1406","Reggie Jackson",1976,0.2,0.82,134,5.3
"1407","Reggie Jackson",1977,0.525,2.022,146,4.5
"1408","Reggie Jackson",1978,0.525,1.879,139,3.5
"1409","Reggie Jackson",1979,0.525,1.689,131,3.5
"1410","Reggie Jackson",1980,0.525,1.487,143,4.8
"1411","Reggie Jackson",1981,0.588,1.51,94,1
"1412","Reggie Jackson",1982,1.103,2.668,153,3.1
"1413","Reggie Jackson",1983,0.975,2.285,116,-1.8
"1414","Reggie Jackson",1984,0.975,2.191,143,-0.2
"1415","Reggie Jackson",1985,1.059,2.298,143,1
"1416","Reggie Jackson",1986,1.103,2.349,132,1.2
"1417","Reid Nichols",1983,0.1,0.234,100,0.8
"1418","Reid Nichols",1985,0.26,0.564,72,0.025
"1419","Reid Nichols",1985,0.26,0.564,72,0.025
"1420","Reid Nichols",1987,0.062,0.128,77,0.9
"1421","Rich Dauer",1985,0.48,1.042,85,0.2
"1422","Rick Dempsey",1972,0.009,0.05,25,-0.1
"1423","Rick Dempsey",1973,0.012,0.066,6,-0.1
"1424","Rick Dempsey",1977,0.04,0.154,91,1.3
"1425","Rick Dempsey",1985,0.512,1.112,132,3
"1426","Rick Dempsey",1986,0.442,0.941,122,2.1
"1427","Rick Dempsey",1987,0.4,0.822,60,-0.5
"1428","Rick Dempsey",1988,0.25,0.493,77,1.9
"1429","Rick Dempsey",1989,0.42,0.791,79,1
"1430","Rick Dempsey",1990,0.5,0.893,62,0.2
"1431","Rick Dempsey",1991,0.15,0.257,61,0.5
"1432","Rick Dempsey",1992,0.45,0.749,8,-0.2
"1433","Rick Wise",1973,0.07,0.368,35,2.7
"1434","Rick Wise",1974,0.085,0.402,9,0.5
"1435","Rick Wise",1975,0.09,0.39,35,1.7
"1436","Rick Wise",1980,0.35,0.992,27,1.2
"1437","Rick Wise",1981,0.4,1.027,18,0.5
"1438","Rick Wise",1982,0.4,0.968,1,-0.1
"1439","Ricky Romero",2009,0.4,0.435,29,2.2
"1440","Ricky Romero",2010,0.408,0.437,32,3.1
"1441","Ricky Romero",2011,1,1.038,32,6.3
"1442","Ricky Romero",2012,5,5.084,32,-1.4
"1443","Rocco Baldelli",2003,0.3,0.381,156,2.9
"1444","Rocco Baldelli",2004,0.32,0.395,136,3
"1445","Rocco Baldelli",2006,2,2.316,92,3.2
"1446","Rocco Baldelli",2007,0.75,0.844,35,0.1
"1447","Rocco Baldelli",2008,2.25,2.44,28,0.4
"1448","Rocco Baldelli",2009,0.5,0.544,62,0.6
"1449","Rod Carew",1967,0.008,0.06,137,2.8
"1450","Rod Carew",1968,0.017,0.114,127,1.8
"1451","Rod Carew",1969,0.021,0.134,123,5.6
"1452","Rod Carew",1973,0.06,0.316,149,7
"1453","Rod Carew",1974,0.091,0.431,153,7.4
"1454","Rod Carew",1975,0.12,0.521,143,7.8
"1455","Rod Carew",1976,0.16,0.656,156,6.8
"1456","Rod Carew",1977,0.18,0.693,155,9.7
"1457","Rod Carew",1978,0.2,0.716,152,4.9
"1458","Rod Carew",1979,0.8,2.573,110,2.6
"1459","Rod Carew",1980,0.8,2.267,144,3.4
"1460","Rod Carew",1981,0.8,2.054,93,3
"1461","Rod Carew",1982,0.8,1.935,138,4.7
"1462","Rod Carew",1983,0.8,1.875,129,2.3
"1463","Rod Carew",1985,0.875,1.899,127,0.5
"1464","Ron Cey",1974,0.027,0.128,159,4.8
"1465","Ron Cey",1975,0.056,0.243,158,6.6
"1466","Ron Cey",1977,0.16,0.616,153,3.5
"1467","Ron Cey",1978,0.135,0.483,159,5.3
"1468","Ron Cey",1983,0.85,1.992,159,1.7
"1469","Ron Cey",1984,0.9,2.022,146,1.6
"1470","Ron Cey",1985,1.45,3.147,145,0.9
"1471","Ron Cey",1986,1.4,2.981,97,1.8
"1472","Ron Cey",1987,1.05,2.158,45,0
"1473","Roy Oswalt",2002,0.3,0.389,35,6.9
"1474","Roy Oswalt",2003,0.5,0.634,21,2.9
"1475","Roy Oswalt",2004,3.25,4.017,36,4
"1476","Roy Oswalt",2005,5.9,7.052,35,5.9
"1477","Roy Oswalt",2006,11,12.738,33,5.9
"1478","Roy Oswalt",2007,13,14.636,33,6.7
"1479","Roy Oswalt",2008,13,14.095,32,3.8
"1480","Roy Oswalt",2009,14,15.233,30,2.4
"1481","Roy Oswalt",2010,15,16.058,33,2.71515151515152
"1482","Roy Oswalt",2010,15,16.058,33,2.71515151515152
"1483","Roy Oswalt",2011,16,16.604,23,2.2
"1484","Roy Oswalt",2012,5,5.084,17,-0.2
"1485","Ryan Braun",2008,0.455,0.493,151,4.6
"1486","Ryan Braun",2009,1.032,1.123,158,6.2
"1487","Ryan Braun",2010,1.288,1.378,157,5.8
"1488","Ryan Braun",2011,4.287,4.449,150,7.8
"1489","Ryan Braun",2012,6,6.101,154,7
"1490","Ryan Howard",2006,0.355,0.411,159,5.2
"1491","Ryan Howard",2007,0.9,1.013,144,2.9
"1492","Ryan Howard",2008,10,10.842,162,1.7
"1493","Ryan Howard",2009,15,16.322,160,3.8
"1494","Ryan Howard",2010,19,20.34,143,1.3
"1495","Ryan Howard",2011,20,20.754,152,1.1
"1496","Ryan Howard",2012,20,20.336,71,-1.1
"1497","Ryan Zimmerman",2006,0.327,0.379,157,2.9
"1498","Ryan Zimmerman",2008,0.465,0.504,106,2.7
"1499","Ryan Zimmerman",2009,3.325,3.618,157,7.3
"1500","Ryan Zimmerman",2010,6.35,6.798,142,6.2
"1501","Ryan Zimmerman",2011,9.025,9.365,101,1.9
"1502","Ryan Zimmerman",2012,12,12.202,145,3.9
"1503","Ryne Sandberg",1985,0.505,1.096,153,5.8
"1504","Ryne Sandberg",1986,0.665,1.416,154,3.5
"1505","Ryne Sandberg",1987,0.76,1.562,132,2.4
"1506","Ryne Sandberg",1988,0.84,1.658,155,4.6
"1507","Ryne Sandberg",1989,0.95,1.789,157,6.1
"1508","Ryne Sandberg",1990,1.55,2.77,155,7.1
"1509","Ryne Sandberg",1992,2.15,3.577,158,7.8
"1510","Ryne Sandberg",1993,5.975,9.656,117,3.3
"1511","Ryne Sandberg",1994,5.975,9.411,57,0.9
"1512","Ryne Sandberg",1996,2.3,3.423,150,3.2
"1513","Ryne Sandberg",1997,3.25,4.726,135,0.8
"1514","Salvador Perez",2012,0.75,0.763,76,3
"1515","Scott Erickson",1990,0.1,0.179,19,2.6
"1516","Scott Erickson",1991,0.144,0.246,32,4.4
"1517","Scott Erickson",1992,0.425,0.707,32,3.7
"1518","Scott Erickson",1993,0.535,0.865,34,1.3
"1519","Scott Erickson",1994,1.325,2.087,23,0.5
"1520","Scott Erickson",1995,1.862,2.853,32,1.428125
"1521","Scott Erickson",1995,1.862,2.853,32,1.428125
"1522","Scott Erickson",1996,2.9,4.316,34,2.2
"1523","Scott Erickson",1997,3.3,4.799,34,4
"1524","Scott Erickson",1998,3.7,5.299,36,4.3
"1525","Scott Erickson",1999,6.08,8.52,34,2.1
"1526","Scott Erickson",2000,6.621,8.975,16,-1.2
"1527","Scott Erickson",2002,5.143,6.675,29,-0.8
"1528","Scott Erickson",2004,0.7,0.865,6,0.0333333333333333
"1529","Scott Erickson",2004,0.7,0.865,6,0.0333333333333333
"1530","Scott Erickson",2005,0.525,0.628,19,-0.5
"1531","Shawn Green",1993,0.109,0.176,3,-0.1
"1532","Shawn Green",1994,0.109,0.172,14,-0.7
"1533","Shawn Green",1995,0.13,0.199,121,0.5
"1534","Shawn Green",1996,0.288,0.428,132,1.1
"1535","Shawn Green",1997,0.5,0.727,135,2
"1536","Shawn Green",1998,1.475,2.113,158,3.9
"1537","Shawn Green",1999,3.125,4.379,153,6.4
"1538","Shawn Green",2000,9.417,12.765,162,3.1
"1539","Shawn Green",2001,12.167,16.04,161,7
"1540","Shawn Green",2002,13.417,17.413,158,6.9
"1541","Shawn Green",2003,15.667,19.881,160,2
"1542","Shawn Green",2004,16.667,20.598,157,2
"1543","Shawn Green",2005,7.833,9.363,158,1.1
"1544","Shawn Green",2006,10.214,11.827,149,-0.640268456375839
"1545","Shawn Green",2006,10.214,11.827,149,-0.640268456375839
"1546","Shawn Green",2007,9.5,10.695,130,0.3
"1547","Starlin Castro",2011,0.44,0.457,158,3
"1548","Starlin Castro",2012,0.567,0.577,162,3.6
"1549","Stephen Drew",2006,0.3,0.347,59,1.7
"1550","Stephen Drew",2007,1.5,1.689,150,0
"1551","Stephen Drew",2008,1.5,1.626,152,2.9
"1552","Stephen Drew",2009,1.5,1.632,135,2.9
"1553","Stephen Drew",2010,3.4,3.64,151,4
"1554","Stephen Drew",2011,4.65,4.825,86,1.9
"1555","Stephen Drew",2012,7.75,7.88,79,-0.20253164556962
"1556","Stephen Drew",2012,7.75,7.88,79,-0.20253164556962
"1557","Steve Trout",1979,0.024,0.077,34,1.9
"1558","Steve Trout",1982,0.25,0.605,25,0.1
"1559","Steve Trout",1985,0.64,1.389,24,3
"1560","Steve Trout",1986,0.89,1.895,37,1.4
"1561","Steve Trout",1987,0.89,1.829,25,0.908
"1562","Steve Trout",1987,0.89,1.829,25,0.908
"1563","Steve Trout",1988,0.99,1.954,15,-1.5
"1564","Steve Trout",1989,0.105,0.198,19,-1.3
"1565","Terry Forster",1977,0.05,0.193,33,-0.2
"1566","Terry Forster",1978,0.17,0.608,47,1.6
"1567","Terry Forster",1979,0.17,0.547,17,-0.4
"1568","Terry Forster",1980,0.17,0.482,9,0.1
"1569","Terry Forster",1981,0.17,0.437,21,0
"1570","Terry Forster",1982,0.17,0.411,56,-0.2
"1571","Terry Forster",1983,0.483,1.133,56,3.3
"1572","Terry Forster",1984,0.483,1.086,25,0.7
"1573","Terry Forster",1985,0.483,1.049,46,1.3
"1574","Terry Forster",1986,0.17,0.362,41,0.3
"1575","Tippy Martinez",1985,0.44,0.955,49,-1.3
"1576","Tippy Martinez",1986,0.487,1.037,14,-0.1
"1577","Tippy Martinez",1988,0.09,0.178,3,-0.3
"1578","Tom Brunansky",1983,0.085,0.199,151,2.7
"1579","Tom Brunansky",1984,0.215,0.483,155,2.8
"1580","Tom Brunansky",1985,0.425,0.922,157,1.3
"1581","Tom Brunansky",1986,0.74,1.576,157,1.7
"1582","Tom Brunansky",1987,0.94,1.931,155,2.5
"1583","Tom Brunansky",1988,1.14,2.25,157,1.30382165605096
"1584","Tom Brunansky",1988,1.14,2.25,157,1.30382165605096
"1585","Tom Brunansky",1989,1.24,2.335,158,1.7
"1586","Tom Brunansky",1990,1.5,2.68,148,1.59189189189189
"1587","Tom Brunansky",1990,1.5,2.68,148,1.59189189189189
"1588","Tom Brunansky",1991,2.5,4.285,142,-0.3
"1589","Tom Brunansky",1992,2.85,4.741,138,1.5
"1590","Tom Brunansky",1993,1.1,1.778,80,-0.3
"1591","Tom Brunansky",1994,1.1,1.732,64,0.1
"1592","Tom Brunansky",1994,1.1,1.732,64,0.1
"1593","Torii Hunter",1999,0.2,0.28,135,0.8
"1594","Torii Hunter",2000,0.225,0.305,99,0.2
"1595","Torii Hunter",2001,0.23,0.303,148,4.7
"1596","Torii Hunter",2002,2.4,3.115,148,3.5
"1597","Torii Hunter",2003,4.75,6.028,154,3.8
"1598","Torii Hunter",2004,6.5,8.033,138,4.1
"1599","Torii Hunter",2005,8,9.562,98,3.1
"1600","Torii Hunter",2006,10.75,12.448,147,3.3
"1601","Torii Hunter",2007,12,13.51,160,3.9
"1602","Torii Hunter",2008,16.5,17.89,146,3.4
"1603","Torii Hunter",2009,18,19.586,119,5.3
"1604","Torii Hunter",2010,18.5,19.804,152,2.9
"1605","Torii Hunter",2011,18.5,19.198,156,3.7
"1606","Torii Hunter",2012,18,18.303,140,5.8
"1607","Travis Fryman",1990,0.1,0.179,66,2.1
"1608","Travis Fryman",1991,0.15,0.257,149,3.2
"1609","Travis Fryman",1992,0.3,0.499,161,4.8
"1610","Travis Fryman",1993,0.675,1.091,151,5.2
"1611","Travis Fryman",1994,2.425,3.819,114,2
"1612","Travis Fryman",1995,4.15,6.358,144,3.9
"1613","Travis Fryman",1996,5.175,7.703,157,2.6
"1614","Travis Fryman",1997,6.4,9.307,154,3.5
"1615","Travis Fryman",1998,5.4,7.734,146,2.9
"1616","Travis Fryman",1999,5.25,7.357,85,0.4
"1617","Travis Fryman",2000,5.55,7.523,155,4.8
"1618","Travis Fryman",2001,5.75,7.581,98,-1
"1619","Travis Fryman",2002,5.825,7.56,118,-0.2
"1620","Trevor Cahill",2009,0.4,0.435,32,1.8
"1621","Trevor Cahill",2010,0.41,0.439,30,4
"1622","Trevor Cahill",2011,0.44,0.457,34,2.7
"1623","Trevor Cahill",2012,3.5,3.559,32,2.6
"1624","Troy Tulowitzki",2007,0.381,0.429,155,6.8
"1625","Troy Tulowitzki",2008,0.75,0.813,101,0.8
"1626","Troy Tulowitzki",2009,1,1.088,151,6.5
"1627","Troy Tulowitzki",2010,3.5,3.747,122,6.7
"1628","Troy Tulowitzki",2011,5.5,5.707,143,6.2
"1629","Troy Tulowitzki",2012,8.25,8.389,47,0.4
"1630","Vernon Wells",1999,0.2,0.28,24,-0.4
"1631","Vernon Wells",2002,0.221,0.287,159,1.7
"1632","Vernon Wells",2003,0.52,0.66,161,4.5
"1633","Vernon Wells",2004,0.87,1.075,134,4.5
"1634","Vernon Wells",2005,3.07,3.669,156,3.3
"1635","Vernon Wells",2006,4.47,5.176,154,6.2
"1636","Vernon Wells",2007,8.787,9.893,149,1.4
"1637","Vernon Wells",2008,3.688,3.998,108,2
"1638","Vernon Wells",2009,4.688,5.1,158,0.9
"1639","Vernon Wells",2010,15.688,16.794,157,4.2
"1640","Vernon Wells",2011,26.188,27.175,131,-0.5
"1641","Vernon Wells",2012,21,21.353,77,0.6
"1642","Victor Martinez",2004,0.304,0.376,141,3.7
"1643","Victor Martinez",2005,0.372,0.445,147,5.2
"1644","Victor Martinez",2006,1,1.158,153,2.8
"1645","Victor Martinez",2007,3.2,3.603,147,4.3
"1646","Victor Martinez",2008,4.45,4.825,73,0.6
"1647","Victor Martinez",2009,5.9,6.42,155,1.87483870967742
"1648","Victor Martinez",2009,5.9,6.42,155,1.87483870967742
"1649","Victor Martinez",2010,7.7,8.243,127,3.6
"1650","Victor Martinez",2011,12,12.453,145,3.2
"1651","Vladimir Guerrero",1997,0.15,0.218,90,1.7
"1652","Vladimir Guerrero",1998,0.23,0.329,159,7.4
"1653","Vladimir Guerrero",1999,1.05,1.471,160,4.5
"1654","Vladimir Guerrero",2000,3.5,4.744,154,5.9
"1655","Vladimir Guerrero",2001,6,7.91,159,4.9
"1656","Vladimir Guerrero",2002,8,10.383,161,7
"1657","Vladimir Guerrero",2003,11.5,14.593,112,3.2
"1658","Vladimir Guerrero",2004,11,13.595,156,5.6
"1659","Vladimir Guerrero",2005,12.5,14.941,141,5.7
"1660","Vladimir Guerrero",2006,13.5,15.633,156,3.7
"1661","Vladimir Guerrero",2007,14.5,16.324,150,4.6
"1662","Vladimir Guerrero",2008,15.5,16.806,143,2.4
"1663","Vladimir Guerrero",2009,15,16.322,100,0.8
"1664","Vladimir Guerrero",2010,5.5,5.888,152,2
"1665","Vladimir Guerrero",2011,7.611,7.899,145,0.4
"1666","Willie Upshaw",1983,0.2,0.469,160,4.7
"1667","Willie Upshaw",1985,0.73,1.584,148,2.2
"1668","Willie Upshaw",1986,0.94,2.002,155,1.9
"1669","Willie Upshaw",1987,0.94,1.931,150,1.6
"1670","Willie Upshaw",1988,0.9,1.776,149,0.3
"1671","Yadier Molina",2005,0.324,0.387,114,1.4
"1672","Yadier Molina",2006,0.4,0.463,129,-0.2
"1673","Yadier Molina",2007,0.525,0.591,111,2.1
"1674","Yadier Molina",2008,1.812,1.965,124,1.3
"1675","Yadier Molina",2009,3.312,3.604,140,3.1
"1676","Yadier Molina",2010,4.312,4.617,136,3.1
"1677","Yadier Molina",2011,5.312,5.513,139,3
"1678","Yadier Molina",2012,7,7.118,138,6.9
"1679","Yovani Gallardo",2008,0.404,0.438,4,1.1
"1680","Yovani Gallardo",2009,0.414,0.45,30,2.7
"1681","Yovani Gallardo",2010,0.45,0.482,31,1.7
"1682","Yovani Gallardo",2011,3.5,3.632,33,2.3
"1683","Yovani Gallardo",2012,5.5,5.592,33,2.9
"1684","Yu Darvish",2012,5.5,5.592,29,3.9
"1685","Zack Greinke",2005,0.33,0.395,33,1
"1686","Zack Greinke",2006,0.366,0.423,3,0.1
"1687","Zack Greinke",2007,0.407,0.458,52,2.2
"1688","Zack Greinke",2008,1.4,1.518,32,5.4
"1689","Zack Greinke",2009,3.75,4.08,33,10.4
"1690","Zack Greinke",2010,7.25,7.761,33,3.4
"1691","Zack Greinke",2011,13.5,14.009,28,1.5
"1692","Zack Greinke",2012,13.5,13.727,34,1.89411764705882
"1693","Zack Greinke",2012,13.5,13.727,34,1.89411764705882
