"","player_game_number","season","season_game","game_date","age","team","game_location","opponent","game_result","game_started","pass_completions","pass_attempts","completion_percentage","passing_yards","passing_touchdowns","interceptions_thrown","qb_rating","yards_per_pass","adjusted_yards_per_pass","rushing_attempts","rushing_yards","rushing_yards_per_attempt","rushing_touchdowns","receiptions","receiving_yards","yards_per_receiption","receiving_touchdowns","receiving_rushing_touchdowns","receiving_rushing_points","player","started","outcome","score","team_score","opponent_score"
"1",1,1983,3,"1983-09-19","22-004","MIA","@","RAI","L 14-27","",11,17,0.393,90,2,0,117.3,5.29,7.65,0,0,NA,0,0,0,NA,0,0,0,"Dan Marino",FALSE,"L","14-27",14,27
"2",2,1983,5,"1983-10-02","22-017","MIA","@","NOR","L 7-17","",12,22,0.353,150,1,1,72.2,6.82,5.68,0,0,NA,0,0,0,NA,0,0,0,"Dan Marino",FALSE,"L","7-17",7,17
"3",3,1983,6,"1983-10-09","22-024","MIA","","BUF","L 35-38","*",19,29,0.396,322,3,2,108.7,11.1,10.07,4,-4,-1,0,0,0,NA,0,0,0,"Dan Marino",TRUE,"L","35-38",35,38
"4",4,1983,7,"1983-10-16","22-031","MIA","@","NYJ","W 32-14","*",17,30,0.362,225,3,0,113.9,7.5,9.5,4,4,1,0,0,0,NA,0,0,0,"Dan Marino",TRUE,"W","32-14",32,14
"5",5,1983,8,"1983-10-23","22-038","MIA","@","BAL","W 21-7","*",11,18,0.379,157,2,0,126.4,8.72,10.94,4,0,0,0,0,0,NA,0,0,0,"Dan Marino",TRUE,"W","21-7",21,7
"6",6,1983,9,"1983-10-30","22-045","MIA","","RAM","W 30-14","*",25,38,0.397,279,2,1,94.1,7.34,7.21,2,0,0,1,0,0,NA,0,1,6,"Dan Marino",TRUE,"W","30-14",30,14
"7",7,1983,10,"1983-11-06","22-052","MIA","@","SFO","W 20-17","*",15,29,0.341,194,2,0,96,6.69,8.07,5,10,2,0,0,0,NA,0,0,0,"Dan Marino",TRUE,"W","20-17",20,17
"8",8,1983,11,"1983-11-13","22-059","MIA","@","NWE","L 6-17","*",14,37,0.275,141,0,1,38.2,3.81,2.59,2,18,9,0,0,0,NA,0,0,0,"Dan Marino",TRUE,"L","6-17",6,17
"9",9,1983,12,"1983-11-20","22-066","MIA","","BAL","W 37-0","*",14,21,0.4,240,1,0,121.1,11.43,12.38,3,11,3.67,1,0,0,NA,0,1,6,"Dan Marino",TRUE,"W","37-0",37,0
"10",10,1983,13,"1983-11-28","22-074","MIA","","CIN","W 38-14","*",18,29,0.383,217,3,0,119.5,7.48,9.55,3,2,0.67,0,0,0,NA,0,0,0,"Dan Marino",TRUE,"W","38-14",38,14
"11",11,1983,14,"1983-12-04","22-080","MIA","@","HOU","W 24-17","*",17,26,0.395,195,1,1,84.6,7.5,6.54,1,4,4,0,0,0,NA,0,0,0,"Dan Marino",TRUE,"W","24-17",24,17
"14",12,1984,1,"1984-09-02","22-353","MIA","@","WAS","W 35-17","*",21,28,0.429,311,5,0,150.4,11.11,14.68,3,-7,-2.33,0,0,0,NA,0,0,0,"Dan Marino",TRUE,"W","35-17",35,17
"15",13,1984,2,"1984-09-09","22-360","MIA","","NWE","W 28-7","*",16,27,0.372,234,2,2,81.4,8.67,6.81,3,-1,-0.33,0,0,0,NA,0,0,0,"Dan Marino",TRUE,"W","28-7",28,7
"16",14,1984,3,"1984-09-17","23-002","MIA","@","BUF","W 21-17","*",26,35,0.426,296,3,1,115.9,8.46,8.89,6,-11,-1.83,0,0,0,NA,0,0,0,"Dan Marino",TRUE,"W","21-17",21,17
"17",15,1984,4,"1984-09-23","23-008","MIA","","IND","W 44-7","*",14,29,0.326,257,2,0,102.2,8.86,10.24,1,-1,-1,0,0,0,NA,0,0,0,"Dan Marino",TRUE,"W","44-7",44,7
"18",16,1984,5,"1984-09-30","23-015","MIA","@","STL","W 36-28","*",24,36,0.4,429,3,0,135.1,11.92,13.58,1,-2,-2,0,0,0,NA,0,0,0,"Dan Marino",TRUE,"W","36-28",36,28
"19",17,1984,6,"1984-10-07","23-022","MIA","@","PIT","W 31-7","*",16,24,0.4,226,2,1,107.3,9.42,9.21,0,0,NA,0,0,0,NA,0,0,0,"Dan Marino",TRUE,"W","31-7",31,7
"20",18,1984,7,"1984-10-14","23-029","MIA","","HOU","W 28-10","*",25,32,0.439,321,3,0,139.7,10.03,11.91,1,4,4,0,0,0,NA,0,0,0,"Dan Marino",TRUE,"W","28-10",28,10
"21",19,1984,8,"1984-10-21","23-036","MIA","@","NWE","W 44-24","*",24,39,0.381,316,4,1,110.6,8.1,9,1,9,9,0,0,0,NA,0,0,0,"Dan Marino",TRUE,"W","44-24",44,24
"22",20,1984,9,"1984-10-28","23-043","MIA","","BUF","W 38-7","*",19,28,0.404,282,3,3,96.7,10.07,7.39,1,7,7,0,0,0,NA,0,0,0,"Dan Marino",TRUE,"W","38-7",38,7
"23",21,1984,10,"1984-11-04","23-050","MIA","@","NYJ","W 31-17","*",23,42,0.354,422,2,2,85.6,10.05,8.86,4,4,1,0,0,0,NA,0,0,0,"Dan Marino",TRUE,"W","31-17",31,17
"24",22,1984,11,"1984-11-11","23-057","MIA","","PHI","W 24-23","*",20,34,0.37,246,1,1,78.8,7.24,6.5,2,0,0,0,0,0,NA,0,0,0,"Dan Marino",TRUE,"W","24-23",24,23
"25",23,1984,12,"1984-11-18","23-064","MIA","@","SDG","L 28-34","*",28,41,0.406,338,2,1,99.4,8.24,8.12,0,0,NA,0,0,0,NA,0,0,0,"Dan Marino",TRUE,"L","28-34",28,34
"26",24,1984,13,"1984-11-26","23-072","MIA","","NYJ","W 28-17","*",19,31,0.38,192,4,0,118.5,6.19,8.77,2,-2,-1,0,0,0,NA,0,0,0,"Dan Marino",TRUE,"W","28-17",28,17
"27",25,1984,14,"1984-12-02","23-078","MIA","","RAI","L 34-45","*",35,57,0.38,470,4,2,96.4,8.25,8.07,1,-4,-4,0,0,0,NA,0,0,0,"Dan Marino",TRUE,"L","34-45",34,45
"28",26,1984,15,"1984-12-09","23-085","MIA","@","IND","W 35-17","*",29,41,0.414,404,4,1,124.4,9.85,10.71,0,0,NA,0,0,0,NA,0,0,0,"Dan Marino",TRUE,"W","35-17",35,17
"29",27,1984,16,"1984-12-17","23-093","MIA","","DAL","W 28-21","*",23,40,0.365,340,4,2,97.9,8.5,8.25,2,-3,-1.5,0,0,0,NA,0,0,0,"Dan Marino",TRUE,"W","28-21",28,21
"32",28,1985,1,"1985-09-08","23-358","MIA","@","HOU","L 23-26","*",13,24,0.351,159,0,2,40.1,6.63,2.88,2,-1,-0.5,0,0,0,NA,0,0,0,"Dan Marino",TRUE,"L","23-26",23,26
"33",29,1985,2,"1985-09-15","24-000","MIA","","IND","W 30-13","*",29,48,0.377,329,2,0,94.9,6.85,7.69,0,0,NA,0,0,0,NA,0,0,0,"Dan Marino",TRUE,"W","30-13",30,13
"34",30,1985,3,"1985-09-22","24-007","MIA","","KAN","W 31-0","*",23,35,0.397,258,2,1,94.7,7.37,7.23,0,0,NA,0,0,0,NA,0,0,0,"Dan Marino",TRUE,"W","31-0",31,0
"35",31,1985,4,"1985-09-29","24-014","MIA","@","DEN","W 30-26","*",25,43,0.368,390,3,0,111.6,9.07,10.47,1,-2,-2,0,0,0,NA,0,0,0,"Dan Marino",TRUE,"W","30-26",30,26
"36",32,1985,5,"1985-10-06","24-021","MIA","","PIT","W 24-20","*",27,45,0.375,277,1,3,57.4,6.16,3.6,4,-4,-1,0,0,0,NA,0,0,0,"Dan Marino",TRUE,"W","24-20",24,20
"37",33,1985,6,"1985-10-14","24-029","MIA","@","NYJ","L 7-23","*",13,23,0.361,136,0,1,55.7,5.91,3.96,0,0,NA,0,0,0,NA,0,0,0,"Dan Marino",TRUE,"L","7-23",7,23
"38",34,1985,7,"1985-10-20","24-035","MIA","","TAM","W 41-38","*",27,39,0.409,302,3,1,107,7.74,8.13,2,-2,-1,0,0,0,NA,0,0,0,"Dan Marino",TRUE,"W","41-38",41,38
"39",35,1985,8,"1985-10-27","24-042","MIA","@","DET","L 21-31","*",23,44,0.343,247,2,2,65.2,5.61,4.48,0,0,NA,0,0,0,NA,0,0,0,"Dan Marino",TRUE,"L","21-31",21,31
"40",36,1985,9,"1985-11-03","24-049","MIA","@","NWE","L 13-17","*",15,33,0.312,171,0,2,36.3,5.18,2.45,2,0,0,0,0,0,NA,0,0,0,"Dan Marino",TRUE,"L","13-17",13,17
"41",37,1985,10,"1985-11-10","24-056","MIA","","NYJ","W 21-17","*",21,37,0.362,362,3,3,83.4,9.78,7.76,0,0,NA,0,0,0,NA,0,0,0,"Dan Marino",TRUE,"W","21-17",21,17
"42",38,1985,11,"1985-11-17","24-063","MIA","@","IND","W 34-20","*",22,37,0.373,330,1,0,97.8,8.92,9.46,2,-4,-2,0,0,0,NA,0,0,0,"Dan Marino",TRUE,"W","34-20",34,20
"43",39,1985,12,"1985-11-24","24-070","MIA","@","BUF","W 23-14","*",22,31,0.415,233,2,2,87.2,7.52,5.9,2,-1,-0.5,0,0,0,NA,0,0,0,"Dan Marino",TRUE,"W","23-14",23,14
"44",40,1985,13,"1985-12-02","24-078","MIA","","CHI","W 38-24","*",14,27,0.341,270,3,1,108.6,10,10.56,0,0,NA,0,0,0,NA,0,0,0,"Dan Marino",TRUE,"W","38-24",38,24
"45",41,1985,14,"1985-12-08","24-084","MIA","@","GNB","W 34-24","*",30,44,0.405,345,5,1,120,7.84,9.09,4,4,1,0,0,0,NA,0,0,0,"Dan Marino",TRUE,"W","34-24",34,24
"46",42,1985,15,"1985-12-16","24-092","MIA","","NWE","W 30-27","*",17,33,0.34,192,1,1,66.7,5.82,5.06,5,-18,-3.6,0,0,0,NA,0,0,0,"Dan Marino",TRUE,"W","30-27",30,27
"47",43,1985,16,"1985-12-22","24-098","MIA","","BUF","W 28-0","*",15,24,0.385,136,2,1,88.2,5.67,5.46,2,4,2,0,0,0,NA,0,0,0,"Dan Marino",TRUE,"W","28-0",28,0
"50",44,1986,1,"1986-09-07","24-357","MIA","@","SDG","L 28-50","*",23,36,0.39,290,3,0,116.7,8.06,9.72,0,0,NA,0,0,0,NA,0,0,0,"Dan Marino",TRUE,"L","28-50",28,50
"51",45,1986,2,"1986-09-14","24-364","MIA","","IND","W 30-10","*",17,29,0.37,254,1,1,84.6,8.76,7.9,0,0,NA,0,0,0,NA,0,0,0,"Dan Marino",TRUE,"W","30-10",30,10
"52",46,1986,3,"1986-09-21","25-006","MIA","@","NYJ","L 45-51","*",30,50,0.375,448,6,2,112.3,8.96,9.56,0,0,NA,0,0,0,NA,0,0,0,"Dan Marino",TRUE,"L","45-51",45,51
"53",47,1986,4,"1986-09-28","25-013","MIA","","SFO","L 16-31","*",27,46,0.37,301,1,4,49.3,6.54,3.07,0,0,NA,0,0,0,NA,0,0,0,"Dan Marino",TRUE,"L","16-31",16,31
"54",48,1986,5,"1986-10-05","25-020","MIA","@","NWE","L 7-34","*",13,23,0.361,167,1,3,54.3,7.26,2.26,0,0,NA,0,0,0,NA,0,0,0,"Dan Marino",TRUE,"L","7-34",7,34
"55",49,1986,6,"1986-10-12","25-027","MIA","","BUF","W 27-14","*",24,41,0.369,337,1,1,83.1,8.22,7.61,1,0,0,0,0,0,NA,0,0,0,"Dan Marino",TRUE,"W","27-14",27,14
"56",50,1986,7,"1986-10-19","25-034","MIA","","RAI","L 28-30","*",20,32,0.385,286,3,2,96.6,8.94,8,0,0,NA,0,0,0,NA,0,0,0,"Dan Marino",TRUE,"L","28-30",28,30
"57",51,1986,8,"1986-10-26","25-041","MIA","@","IND","W 17-13","*",23,42,0.354,243,1,0,79.8,5.79,6.26,4,-8,-2,0,0,0,NA,0,0,0,"Dan Marino",TRUE,"W","17-13",17,13
"58",52,1986,9,"1986-11-02","25-048","MIA","","HOU","W 28-7","*",12,29,0.293,220,4,2,79,7.59,7.24,0,0,NA,0,0,0,NA,0,0,0,"Dan Marino",TRUE,"W","28-7",28,7
"59",53,1986,10,"1986-11-10","25-056","MIA","@","CLE","L 16-26","*",22,39,0.361,295,2,1,87,7.56,7.44,1,5,5,0,0,0,NA,0,0,0,"Dan Marino",TRUE,"L","16-26",16,26
"60",54,1986,11,"1986-11-16","25-062","MIA","@","BUF","W 34-24","*",39,54,0.419,404,4,0,118.1,7.48,8.96,1,-3,-3,0,0,0,NA,0,0,0,"Dan Marino",TRUE,"W","34-24",34,24
"61",55,1986,12,"1986-11-24","25-070","MIA","","NYJ","W 45-3","*",29,36,0.446,288,4,0,137,8,10.22,1,0,0,0,0,0,NA,0,0,0,"Dan Marino",TRUE,"W","45-3",45,3
"62",56,1986,13,"1986-11-30","25-076","MIA","","ATL","L 14-20","*",20,40,0.333,303,2,4,52.4,7.58,4.08,2,8,4,0,0,0,NA,0,0,0,"Dan Marino",TRUE,"L","14-20",14,20
"63",57,1986,14,"1986-12-07","25-083","MIA","@","NOR","W 31-27","*",27,41,0.397,241,3,0,105.8,5.88,7.34,2,-5,-2.5,0,0,0,NA,0,0,0,"Dan Marino",TRUE,"W","31-27",31,27
"64",58,1986,15,"1986-12-14","25-090","MIA","@","RAM","W 37-31","*",29,46,0.387,403,5,1,118.3,8.76,9.96,0,0,NA,0,0,0,NA,0,0,0,"Dan Marino",TRUE,"W","37-31",37,31
"65",59,1986,16,"1986-12-22","25-098","MIA","","NWE","L 27-34","*",23,39,0.371,266,3,2,83.9,6.82,6.05,0,0,NA,0,0,0,NA,0,0,0,"Dan Marino",TRUE,"L","27-34",27,34
"68",60,1987,1,"1987-09-13","25-363","MIA","@","NWE","L 21-28","*",19,37,0.339,165,3,2,68,4.46,3.65,1,0,0,0,0,0,NA,0,0,0,"Dan Marino",TRUE,"L","21-28",21,28
"69",61,1987,2,"1987-09-20","26-005","MIA","@","IND","W 23-10","*",23,32,0.418,254,3,0,126.3,7.94,9.81,0,0,NA,0,0,0,NA,0,0,0,"Dan Marino",TRUE,"W","23-10",23,10
"70",62,1987,6,"1987-10-25","26-040","MIA","","BUF","L 31-34","*",24,36,0.4,303,4,0,129.7,8.42,10.64,0,0,NA,0,0,0,NA,0,0,0,"Dan Marino",TRUE,"L","31-34",31,34
"71",63,1987,7,"1987-11-01","26-047","MIA","","PIT","W 35-24","*",25,31,0.446,332,4,2,124,10.71,10.39,0,0,NA,0,0,0,NA,0,0,0,"Dan Marino",TRUE,"W","35-24",35,24
"72",64,1987,8,"1987-11-08","26-054","MIA","@","CIN","W 20-14","*",26,41,0.388,262,1,0,89.7,6.39,6.88,0,0,NA,0,0,0,NA,0,0,0,"Dan Marino",TRUE,"W","20-14",20,14
"73",65,1987,9,"1987-11-15","26-061","MIA","","IND","L 21-40","*",14,34,0.292,194,2,1,67.5,5.71,5.56,0,0,NA,0,0,0,NA,0,0,0,"Dan Marino",TRUE,"L","21-40",21,40
"74",66,1987,10,"1987-11-22","26-068","MIA","@","DAL","W 20-14","*",22,39,0.361,265,1,1,75.3,6.79,6.15,2,-4,-2,0,0,0,NA,0,0,0,"Dan Marino",TRUE,"W","20-14",20,14
"75",67,1987,11,"1987-11-29","26-075","MIA","@","BUF","L 0-27","*",13,28,0.317,165,0,3,25.7,5.89,1.07,1,0,0,0,0,0,NA,0,0,0,"Dan Marino",TRUE,"L","0-27",0,27
"76",68,1987,12,"1987-12-07","26-083","MIA","","NYJ","W 37-28","*",29,40,0.42,293,1,0,101.4,7.33,7.83,2,2,1,1,0,0,NA,0,1,6,"Dan Marino",TRUE,"W","37-28",37,28
"77",69,1987,13,"1987-12-13","26-089","MIA","@","PHI","W 28-10","*",25,39,0.391,376,3,1,110.6,9.64,10.03,3,-2,-0.67,0,0,0,NA,0,0,0,"Dan Marino",TRUE,"W","28-10",28,10
"78",70,1987,14,"1987-12-20","26-096","MIA","","WAS","W 23-21","*",22,50,0.306,393,3,1,83.2,7.86,8.16,1,-1,-1,0,0,0,NA,0,0,0,"Dan Marino",TRUE,"W","23-21",23,21
"79",71,1987,15,"1987-12-28","26-104","MIA","","NWE","L 10-24","*",21,37,0.362,243,1,2,63.2,6.57,4.68,2,0,0,0,0,0,NA,0,0,0,"Dan Marino",TRUE,"L","10-24",10,24
"82",72,1988,1,"1988-09-04","26-355","MIA","@","CHI","L 7-34","*",9,22,0.29,113,1,0,72.7,5.14,6.05,2,0,0,0,0,0,NA,0,0,0,"Dan Marino",TRUE,"L","7-34",7,34
"83",73,1988,2,"1988-09-11","26-362","MIA","@","BUF","L 6-9","*",22,34,0.393,221,0,0,83.1,6.5,6.5,1,0,0,0,0,0,NA,0,0,0,"Dan Marino",TRUE,"L","6-9",6,9
"84",74,1988,3,"1988-09-18","27-003","MIA","","GNB","W 24-17","*",22,33,0.4,261,2,2,85.5,7.91,6.39,1,-1,-1,0,0,0,NA,0,0,0,"Dan Marino",TRUE,"W","24-17",24,17
"85",75,1988,4,"1988-09-25","27-010","MIA","@","IND","L 13-15","*",22,35,0.386,276,2,1,94.5,7.89,7.74,0,0,NA,0,0,0,NA,0,0,0,"Dan Marino",TRUE,"L","13-15",13,15
"86",76,1988,5,"1988-10-02","27-017","MIA","","MIN","W 24-7","*",20,37,0.351,264,2,3,61.1,7.14,4.57,5,-12,-2.4,0,0,0,NA,0,0,0,"Dan Marino",TRUE,"W","24-7",24,7
"87",77,1988,6,"1988-10-09","27-024","MIA","@","RAI","W 24-14","*",14,36,0.28,175,1,1,52.4,4.86,4.17,3,-4,-1.33,0,0,0,NA,0,0,0,"Dan Marino",TRUE,"W","24-14",24,14
"88",78,1988,7,"1988-10-16","27-031","MIA","","SDG","W 31-28","*",26,45,0.366,329,1,0,88.1,7.31,7.76,0,0,NA,0,0,0,NA,0,0,0,"Dan Marino",TRUE,"W","31-28",31,28
"89",79,1988,8,"1988-10-23","27-038","MIA","","NYJ","L 30-44","*",35,60,0.368,521,3,5,68.8,8.68,5.93,1,0,0,0,0,0,NA,0,0,0,"Dan Marino",TRUE,"L","30-44",30,44
"90",80,1988,9,"1988-10-30","27-045","MIA","@","TAM","W 17-14","*",27,46,0.37,266,2,0,89.6,5.78,6.65,3,-4,-1.33,0,0,0,NA,0,0,0,"Dan Marino",TRUE,"W","17-14",17,14
"91",81,1988,10,"1988-11-06","27-052","MIA","@","NWE","L 10-21","*",29,51,0.362,359,1,2,69,7.04,5.67,1,0,0,0,0,0,NA,0,0,0,"Dan Marino",TRUE,"L","10-21",10,21
"92",82,1988,11,"1988-11-14","27-060","MIA","","BUF","L 6-31","*",19,30,0.388,224,1,3,57.5,7.47,3.63,0,0,NA,0,0,0,NA,0,0,0,"Dan Marino",TRUE,"L","6-31",6,31
"93",83,1988,12,"1988-11-20","27-066","MIA","","NWE","L 3-6","*",19,29,0.396,169,0,0,81,5.83,5.83,1,6,6,0,0,0,NA,0,0,0,"Dan Marino",TRUE,"L","3-6",3,6
"94",84,1988,13,"1988-11-27","27-073","MIA","@","NYJ","L 34-38","*",17,35,0.327,353,5,0,124.2,10.09,12.94,0,0,NA,0,0,0,NA,0,0,0,"Dan Marino",TRUE,"L","34-38",34,38
"95",85,1988,14,"1988-12-04","27-080","MIA","","IND","L 28-31","*",26,32,0.448,304,3,1,124.5,9.5,9.97,1,1,1,0,0,0,NA,0,0,0,"Dan Marino",TRUE,"L","28-31",28,31
"96",86,1988,15,"1988-12-12","27-088","MIA","","CLE","W 38-31","*",30,50,0.375,404,4,3,87.4,8.08,6.98,0,0,NA,0,0,0,NA,0,0,0,"Dan Marino",TRUE,"W","38-31",38,31
"97",87,1988,16,"1988-12-18","27-094","MIA","@","PIT","L 24-40","*",17,31,0.354,195,0,2,47.1,6.29,3.39,1,-3,-3,0,0,0,NA,0,0,0,"Dan Marino",TRUE,"L","24-40",24,40
"100",88,1989,1,"1989-09-10","27-360","MIA","","BUF","L 24-27","*",25,38,0.397,255,1,2,71.7,6.71,4.87,1,0,0,0,0,0,NA,0,0,0,"Dan Marino",TRUE,"L","24-27",24,27
"101",89,1989,2,"1989-09-17","28-002","MIA","@","NWE","W 24-10","*",17,28,0.378,226,3,3,82.4,8.07,5.39,2,-3,-1.5,0,0,0,NA,0,0,0,"Dan Marino",TRUE,"W","24-10",24,10
"102",90,1989,3,"1989-09-24","28-009","MIA","","NYJ","L 33-40","*",33,55,0.375,427,3,2,87.5,7.76,7.22,0,0,NA,0,0,0,NA,0,0,0,"Dan Marino",TRUE,"L","33-40",33,40
"103",91,1989,4,"1989-10-01","28-016","MIA","@","HOU","L 7-39","*",11,29,0.275,103,0,2,19.8,3.55,0.45,0,0,NA,0,0,0,NA,0,0,0,"Dan Marino",TRUE,"L","7-39",7,39
"104",92,1989,5,"1989-10-08","28-023","MIA","","CLE","W 13-10","*",19,33,0.365,234,1,1,77.1,7.09,6.33,0,0,NA,0,0,0,NA,0,0,0,"Dan Marino",TRUE,"W","13-10",13,10
"105",93,1989,6,"1989-10-15","28-030","MIA","@","CIN","W 20-13","*",16,33,0.327,266,0,1,63.4,8.06,6.7,3,-4,-1.33,1,0,0,NA,0,1,6,"Dan Marino",TRUE,"W","20-13",20,13
"106",94,1989,7,"1989-10-22","28-037","MIA","","GNB","W 23-20","*",24,37,0.393,333,2,2,89.1,9,7.65,1,0,0,0,0,0,NA,0,0,0,"Dan Marino",TRUE,"W","23-20",23,20
"107",95,1989,8,"1989-10-29","28-044","MIA","@","BUF","L 17-31","*",20,36,0.357,255,1,3,52.4,7.08,3.89,0,0,NA,0,0,0,NA,0,0,0,"Dan Marino",TRUE,"L","17-31",17,31
"108",96,1989,9,"1989-11-05","28-051","MIA","","IND","W 19-13","*",14,26,0.35,149,2,0,96.5,5.73,7.27,2,-2,-1,0,0,0,NA,0,0,0,"Dan Marino",TRUE,"W","19-13",19,13
"109",97,1989,10,"1989-11-12","28-058","MIA","@","NYJ","W 31-23","*",18,34,0.346,359,3,2,95.1,10.56,9.68,1,0,0,0,0,0,NA,0,0,0,"Dan Marino",TRUE,"W","31-23",31,23
"110",98,1989,11,"1989-11-19","28-065","MIA","@","DAL","W 17-14","*",21,36,0.368,255,1,0,89.5,7.08,7.64,0,0,NA,0,0,0,NA,0,0,0,"Dan Marino",TRUE,"W","17-14",17,14
"111",99,1989,12,"1989-11-26","28-072","MIA","","PIT","L 14-34","*",8,16,0.333,128,1,0,97.9,8,9.25,1,0,0,0,0,0,NA,0,0,0,"Dan Marino",TRUE,"L","14-34",14,34
"112",100,1989,13,"1989-12-03","28-079","MIA","@","KAN","L 21-26","*",18,37,0.327,218,3,1,82.9,5.89,6.3,1,2,2,0,0,0,NA,0,0,0,"Dan Marino",TRUE,"L","21-26",21,26
"113",101,1989,14,"1989-12-10","28-086","MIA","","NWE","W 31-10","*",21,32,0.396,300,0,1,82.8,9.38,7.97,2,0,0,1,0,0,NA,0,1,6,"Dan Marino",TRUE,"W","31-10",31,10
"114",102,1989,15,"1989-12-17","28-093","MIA","@","IND","L 13-42","*",15,33,0.312,150,0,1,46.3,4.55,3.18,0,0,NA,0,0,0,NA,0,0,0,"Dan Marino",TRUE,"L","13-42",13,42
"115",103,1989,16,"1989-12-24","28-100","MIA","","KAN","L 24-27","*",28,47,0.373,339,3,1,94.2,7.21,7.53,0,0,NA,0,0,0,NA,0,0,0,"Dan Marino",TRUE,"L","24-27",24,27
"118",104,1990,1,"1990-09-09","28-359","MIA","@","NWE","W 27-24","*",22,34,0.393,255,2,3,70.1,7.5,4.71,2,-5,-2.5,0,0,0,NA,0,0,0,"Dan Marino",TRUE,"W","27-24",27,24
"119",105,1990,2,"1990-09-16","29-001","MIA","","BUF","W 30-7","*",18,26,0.409,177,1,0,101,6.81,7.58,0,0,NA,0,0,0,NA,0,0,0,"Dan Marino",TRUE,"W","30-7",30,7
"120",106,1990,3,"1990-09-23","29-008","MIA","@","NYG","L 3-20","*",14,30,0.318,115,0,2,29.2,3.83,0.83,0,0,NA,0,0,0,NA,0,0,0,"Dan Marino",TRUE,"L","3-20",3,20
"121",107,1990,4,"1990-09-30","29-015","MIA","@","PIT","W 28-6","*",17,28,0.378,175,1,1,75.7,6.25,5.36,1,9,9,0,0,0,NA,0,0,0,"Dan Marino",TRUE,"W","28-6",28,6
"122",108,1990,5,"1990-10-07","29-022","MIA","","NYJ","W 20-16","*",20,39,0.339,262,2,0,89.9,6.72,7.74,2,-4,-2,0,0,0,NA,0,0,0,"Dan Marino",TRUE,"W","20-16",20,16
"123",109,1990,6,"1990-10-18","29-033","MIA","","NWE","W 17-10","*",20,34,0.37,245,0,1,68.9,7.21,5.88,0,0,NA,0,0,0,NA,0,0,0,"Dan Marino",TRUE,"W","17-10",17,10
"124",110,1990,7,"1990-10-28","29-043","MIA","@","IND","W 27-7","*",21,29,0.42,161,1,0,97.1,5.55,6.24,1,15,15,0,0,0,NA,0,0,0,"Dan Marino",TRUE,"W","27-7",27,7
"125",111,1990,8,"1990-11-04","29-050","MIA","","PHO","W 23-3","*",18,25,0.419,205,2,0,122.9,8.2,9.8,0,0,NA,0,0,0,NA,0,0,0,"Dan Marino",TRUE,"W","23-3",23,3
"126",112,1990,9,"1990-11-11","29-057","MIA","@","NYJ","W 17-3","*",21,36,0.368,192,1,1,70.6,5.33,4.64,5,-12,-2.4,0,0,0,NA,0,0,0,"Dan Marino",TRUE,"W","17-3",17,3
"127",113,1990,10,"1990-11-19","29-065","MIA","","RAI","L 10-13","*",20,36,0.357,214,1,0,82.4,5.94,6.5,1,14,14,0,0,0,NA,0,0,0,"Dan Marino",TRUE,"L","10-13",10,13
"128",114,1990,11,"1990-11-25","29-071","MIA","@","CLE","W 30-13","*",16,29,0.356,245,2,0,106.2,8.45,9.83,1,-2,-2,0,0,0,NA,0,0,0,"Dan Marino",TRUE,"W","30-13",30,13
"129",115,1990,12,"1990-12-02","29-078","MIA","@","WAS","L 20-42","*",17,33,0.34,223,1,1,70.6,6.76,6,1,13,13,0,0,0,NA,0,0,0,"Dan Marino",TRUE,"L","20-42",20,42
"130",116,1990,13,"1990-12-09","29-085","MIA","","PHI","W 23-20","*",27,54,0.333,365,2,0,84.3,6.76,7.5,2,1,0.5,0,0,0,NA,0,0,0,"Dan Marino",TRUE,"W","23-20",23,20
"131",117,1990,14,"1990-12-16","29-092","MIA","","SEA","W 24-17","*",17,29,0.37,250,2,1,95.5,8.62,8.45,0,0,NA,0,0,0,NA,0,0,0,"Dan Marino",TRUE,"W","24-17",24,17
"132",118,1990,15,"1990-12-23","29-099","MIA","@","BUF","L 14-24","*",24,43,0.358,287,2,1,82.2,6.67,6.56,0,0,NA,0,0,0,NA,0,0,0,"Dan Marino",TRUE,"L","14-24",14,24
"133",119,1990,16,"1990-12-30","29-106","MIA","","IND","W 23-17","*",14,26,0.35,192,1,0,90.5,7.38,8.15,0,0,NA,0,0,0,NA,0,0,0,"Dan Marino",TRUE,"W","23-17",23,17
"136",120,1991,1,"1991-09-01","29-351","MIA","@","BUF","L 31-35","*",17,28,0.378,267,3,0,128.1,9.54,11.68,0,0,NA,0,0,0,NA,0,0,0,"Dan Marino",TRUE,"L","31-35",31,35
"137",121,1991,2,"1991-09-08","29-358","MIA","","IND","W 17-6","*",14,25,0.359,147,1,1,69.9,5.88,4.88,0,0,NA,0,0,0,NA,0,0,0,"Dan Marino",TRUE,"W","17-6",17,6
"138",122,1991,3,"1991-09-15","30-000","MIA","@","DET","L 13-17","*",16,34,0.32,174,0,0,62.6,5.12,5.12,0,0,NA,0,0,0,NA,0,0,0,"Dan Marino",TRUE,"L","13-17",13,17
"139",123,1991,4,"1991-09-22","30-007","MIA","","GNB","W 16-13","*",19,32,0.373,212,0,1,66.1,6.63,5.22,4,-7,-1.75,0,0,0,NA,0,0,0,"Dan Marino",TRUE,"W","16-13",16,13
"140",124,1991,5,"1991-09-29","30-014","MIA","@","NYJ","L 23-41","*",17,34,0.333,245,1,1,71.3,7.21,6.47,0,0,NA,0,0,0,NA,0,0,0,"Dan Marino",TRUE,"L","23-41",23,41
"141",125,1991,6,"1991-10-06","30-021","MIA","@","NWE","W 20-10","*",25,38,0.397,321,2,0,109.6,8.45,9.5,3,1,0.33,0,0,0,NA,0,0,0,"Dan Marino",TRUE,"W","20-10",20,10
"142",126,1991,7,"1991-10-13","30-028","MIA","@","KAN","L 7-42","*",15,29,0.341,216,0,0,76.2,7.45,7.45,0,0,NA,0,0,0,NA,0,0,0,"Dan Marino",TRUE,"L","7-42",7,42
"143",127,1991,8,"1991-10-20","30-035","MIA","","HOU","L 13-17","*",19,40,0.322,229,1,3,42.6,5.73,2.85,2,4,2,0,0,0,NA,0,0,0,"Dan Marino",TRUE,"L","13-17",13,17
"144",128,1991,9,"1991-11-03","30-049","MIA","@","IND","W 10-6","*",21,37,0.362,231,1,0,84.4,6.24,6.78,4,-8,-2,0,0,0,NA,0,0,0,"Dan Marino",TRUE,"W","10-6",10,6
"145",129,1991,10,"1991-11-10","30-056","MIA","","NWE","W 30-20","*",19,29,0.396,263,3,1,114.6,9.07,9.59,5,2,0.4,0,0,0,NA,0,0,0,"Dan Marino",TRUE,"W","30-20",30,20
"146",130,1991,11,"1991-11-18","30-064","MIA","","BUF","L 27-41","*",23,42,0.354,326,2,2,76.1,7.76,6.57,2,9,4.5,0,0,0,NA,0,0,0,"Dan Marino",TRUE,"L","27-41",27,41
"147",131,1991,12,"1991-11-24","30-070","MIA","@","CHI","W 16-13","*",16,30,0.348,183,1,2,55.3,6.1,3.77,4,17,4.25,0,0,0,NA,0,0,0,"Dan Marino",TRUE,"W","16-13",16,13
"148",132,1991,13,"1991-12-01","30-077","MIA","","TAM","W 33-14","*",20,32,0.385,307,2,0,115,9.59,10.84,0,0,NA,0,0,0,NA,0,0,0,"Dan Marino",TRUE,"W","33-14",33,14
"149",133,1991,14,"1991-12-09","30-085","MIA","","CIN","W 37-13","*",24,33,0.421,281,3,0,128.5,8.52,10.33,0,0,NA,0,0,0,NA,0,0,0,"Dan Marino",TRUE,"W","37-13",37,13
"150",134,1991,15,"1991-12-15","30-091","MIA","@","SDG","L 30-38","*",26,41,0.388,286,3,1,98.2,6.98,7.34,2,9,4.5,1,0,0,NA,0,1,6,"Dan Marino",TRUE,"L","30-38",30,38
"151",135,1991,16,"1991-12-22","30-098","MIA","","NYJ","L 20-23","*",27,45,0.375,282,2,1,83.7,6.27,6.16,1,5,5,0,0,0,NA,0,0,0,"Dan Marino",TRUE,"L","20-23",20,23
"154",136,1992,1,"1992-09-14","30-365","MIA","@","CLE","W 27-23","*",25,35,0.417,322,1,0,109.5,9.2,9.77,0,0,NA,0,0,0,NA,0,0,0,"Dan Marino",TRUE,"W","27-23",27,23
"155",137,1992,2,"1992-09-20","31-005","MIA","","RAM","W 26-10","*",21,37,0.362,223,2,1,81.2,6.03,5.89,4,-6,-1.5,0,0,0,NA,0,0,0,"Dan Marino",TRUE,"W","26-10",26,10
"156",138,1992,3,"1992-09-27","31-012","MIA","@","SEA","W 19-17","*",23,39,0.371,254,1,3,54.9,6.51,3.56,0,0,NA,0,0,0,NA,0,0,0,"Dan Marino",TRUE,"W","19-17",19,17
"157",139,1992,4,"1992-10-04","31-019","MIA","@","BUF","W 37-10","*",21,33,0.389,282,3,1,108.4,8.55,9,2,13,6.5,0,0,0,NA,0,0,0,"Dan Marino",TRUE,"W","37-10",37,10
"158",140,1992,5,"1992-10-11","31-026","MIA","","ATL","W 21-17","*",20,40,0.333,250,0,0,69.8,6.25,6.25,2,-2,-1,0,0,0,NA,0,0,0,"Dan Marino",TRUE,"W","21-17",21,17
"159",141,1992,6,"1992-10-18","31-033","MIA","","NWE","W 38-17","*",21,30,0.412,294,4,1,126.9,9.8,10.97,1,12,12,0,0,0,NA,0,0,0,"Dan Marino",TRUE,"W","38-17",38,17
"160",142,1992,7,"1992-10-25","31-040","MIA","","IND","L 20-31","*",25,45,0.357,355,2,3,68.3,7.89,5.78,1,10,10,0,0,0,NA,0,0,0,"Dan Marino",TRUE,"L","20-31",20,31
"161",143,1992,8,"1992-11-01","31-047","MIA","@","NYJ","L 14-26","*",14,26,0.35,225,2,0,108.7,8.65,10.19,3,15,5,0,0,0,NA,0,0,0,"Dan Marino",TRUE,"L","14-26",14,26
"162",144,1992,9,"1992-11-08","31-054","MIA","@","IND","W 28-0","*",22,28,0.44,245,2,0,126.9,8.75,10.18,1,12,12,0,0,0,NA,0,0,0,"Dan Marino",TRUE,"W","28-0",28,0
"163",145,1992,10,"1992-11-16","31-062","MIA","","BUF","L 20-26","*",22,33,0.4,321,2,1,105.7,9.73,9.58,0,0,NA,0,0,0,NA,0,0,0,"Dan Marino",TRUE,"L","20-26",20,26
"164",146,1992,11,"1992-11-22","31-068","MIA","","HOU","W 19-16","*",19,40,0.322,237,1,1,64.3,5.93,5.3,1,4,4,0,0,0,NA,0,0,0,"Dan Marino",TRUE,"W","19-16",19,16
"165",147,1992,12,"1992-11-29","31-075","MIA","@","NOR","L 13-24","*",26,42,0.382,259,1,1,77.4,6.17,5.57,0,0,NA,0,0,0,NA,0,0,0,"Dan Marino",TRUE,"L","13-24",13,24
"166",148,1992,13,"1992-12-06","31-082","MIA","@","SFO","L 3-27","*",19,31,0.38,192,0,0,79,6.19,6.19,0,0,NA,0,0,0,NA,0,0,0,"Dan Marino",TRUE,"L","3-27",3,27
"167",149,1992,14,"1992-12-14","31-090","MIA","","RAI","W 20-7","*",16,26,0.381,234,1,1,87.7,9,8.04,3,5,1.67,0,0,0,NA,0,0,0,"Dan Marino",TRUE,"W","20-7",20,7
"168",150,1992,15,"1992-12-20","31-096","MIA","","NYJ","W 19-17","*",15,30,0.333,206,2,2,66.8,6.87,5.2,1,0,0,0,0,0,NA,0,0,0,"Dan Marino",TRUE,"W","19-17",19,17
"169",151,1992,16,"1992-12-27","31-103","MIA","@","NWE","W 16-13","*",21,39,0.35,217,0,1,59.5,5.56,4.41,1,3,3,0,0,0,NA,0,0,0,"Dan Marino",TRUE,"W","16-13",16,13
"172",152,1993,1,"1993-09-05","31-355","MIA","@","IND","W 24-20","*",22,40,0.355,236,3,1,87.1,5.9,6.28,4,-2,-0.5,0,0,0,NA,0,0,0,"Dan Marino",TRUE,"W","24-20",24,20
"173",153,1993,2,"1993-09-12","31-362","MIA","","NYJ","L 14-24","*",19,29,0.396,286,2,0,120.8,9.86,11.24,1,-2,-2,0,0,0,NA,0,0,0,"Dan Marino",TRUE,"L","14-24",14,24
"174",154,1993,3,"1993-09-26","32-011","MIA","@","BUF","W 22-13","*",20,32,0.385,282,1,1,88.3,8.81,8.03,2,4,2,1,0,0,NA,0,1,6,"Dan Marino",TRUE,"W","22-13",22,13
"175",155,1993,4,"1993-10-04","32-019","MIA","","WAS","W 17-10","*",16,30,0.348,253,1,1,78.9,8.43,7.6,2,-4,-2,0,0,0,NA,0,0,0,"Dan Marino",TRUE,"W","17-10",17,10
"176",156,1993,5,"1993-10-10","32-025","MIA","@","CLE","W 24-14","*",14,19,0.424,161,1,0,116.3,8.47,9.53,0,0,NA,0,0,0,NA,0,0,0,"Dan Marino",TRUE,"W","24-14",24,14
"179",157,1994,1,"1994-09-04","32-354","MIA","","NWE","W 39-35","*",23,42,0.354,473,5,1,124.3,11.26,12.57,3,8,2.67,0,0,0,NA,0,0,0,"Dan Marino",TRUE,"W","39-35",39,35
"180",158,1994,2,"1994-09-11","32-361","MIA","@","GNB","W 24-14","*",17,25,0.405,177,2,0,114.9,7.08,8.68,1,-1,-1,0,0,0,NA,0,0,0,"Dan Marino",TRUE,"W","24-14",24,14
"181",159,1994,3,"1994-09-18","33-003","MIA","","NYJ","W 28-14","*",23,31,0.426,289,2,1,110.8,9.32,9.16,1,-2,-2,0,0,0,NA,0,0,0,"Dan Marino",TRUE,"W","28-14",28,14
"182",160,1994,4,"1994-09-25","33-010","MIA","@","MIN","L 35-38","*",29,54,0.349,431,3,3,75.5,7.98,6.59,1,-2,-2,0,0,0,NA,0,0,0,"Dan Marino",TRUE,"L","35-38",35,38
"183",161,1994,5,"1994-10-02","33-017","MIA","@","CIN","W 23-7","*",26,35,0.426,204,2,0,107.3,5.83,6.97,4,-2,-0.5,0,0,0,NA,0,0,0,"Dan Marino",TRUE,"W","23-7",23,7
"184",162,1994,6,"1994-10-09","33-024","MIA","@","BUF","L 11-21","*",20,43,0.317,212,1,0,69.1,4.93,5.4,0,0,NA,0,0,0,NA,0,0,0,"Dan Marino",TRUE,"L","11-21",11,21
"185",163,1994,7,"1994-10-16","33-031","MIA","","RAI","W 20-17","*",17,37,0.315,186,2,1,68.1,5.03,4.89,1,2,2,0,0,0,NA,0,0,0,"Dan Marino",TRUE,"W","20-17",20,17
"186",164,1994,8,"1994-10-30","33-045","MIA","@","NWE","W 23-3","*",21,36,0.368,198,1,2,59.7,5.5,3.56,0,0,NA,0,0,0,NA,0,0,0,"Dan Marino",TRUE,"W","23-3",23,3
"187",165,1994,9,"1994-11-06","33-052","MIA","","IND","W 22-21","*",30,41,0.423,261,1,2,77.4,6.37,4.66,1,0,0,0,0,0,NA,0,0,0,"Dan Marino",TRUE,"W","22-21",22,21
"188",166,1994,10,"1994-11-13","33-059","MIA","","CHI","L 14-17","*",24,38,0.387,289,1,1,84.2,7.61,6.95,0,0,NA,0,0,0,NA,0,0,0,"Dan Marino",TRUE,"L","14-17",14,17
"189",167,1994,11,"1994-11-20","33-066","MIA","@","PIT","L 13-16","*",31,45,0.408,312,1,1,86.5,6.93,6.38,2,-2,-1,0,0,0,NA,0,0,0,"Dan Marino",TRUE,"L","13-16",13,16
"190",168,1994,12,"1994-11-27","33-073","MIA","@","NYJ","W 28-24","*",31,44,0.413,359,4,2,106.2,8.16,7.93,0,0,NA,0,0,0,NA,0,0,0,"Dan Marino",TRUE,"W","28-24",28,24
"191",169,1994,13,"1994-12-04","33-080","MIA","","BUF","L 31-42","*",25,42,0.373,311,3,3,76.6,7.4,5.62,1,-2,-2,0,0,0,NA,0,0,0,"Dan Marino",TRUE,"L","31-42",31,42
"192",170,1994,14,"1994-12-12","33-088","MIA","","KAN","W 45-28","*",21,30,0.412,241,2,0,116.1,8.03,9.37,4,-1,-0.25,1,0,0,NA,0,1,6,"Dan Marino",TRUE,"W","45-28",45,28
"193",171,1994,15,"1994-12-18","33-094","MIA","@","IND","L 6-10","*",21,37,0.362,225,0,0,74.7,6.08,6.08,0,0,NA,0,0,0,NA,0,0,0,"Dan Marino",TRUE,"L","6-10",6,10
"194",172,1994,16,"1994-12-25","33-101","MIA","","DET","W 27-20","*",26,35,0.426,285,0,0,97.9,8.14,8.14,3,-4,-1.33,0,0,0,NA,0,0,0,"Dan Marino",TRUE,"W","27-20",27,20
"197",173,1995,1,"1995-09-03","33-353","MIA","","NYJ","W 52-14","*",16,26,0.381,250,3,2,99.8,9.62,8.46,0,0,NA,0,0,0,NA,0,0,0,"Dan Marino",TRUE,"W","52-14",52,14
"198",174,1995,2,"1995-09-10","33-360","MIA","@","NWE","W 20-3","*",14,20,0.412,193,1,1,96.5,9.65,8.4,1,-1,-1,0,0,0,NA,0,0,0,"Dan Marino",TRUE,"W","20-3",20,3
"199",175,1995,3,"1995-09-18","34-003","MIA","","PIT","W 23-10","*",16,27,0.372,183,1,0,92.1,6.78,7.52,0,0,NA,0,0,0,NA,0,0,0,"Dan Marino",TRUE,"W","23-10",23,10
"200",176,1995,4,"1995-10-01","34-016","MIA","@","CIN","W 26-23","*",33,48,0.407,450,2,1,103.6,9.38,9.27,2,-2,-1,0,0,0,NA,0,0,0,"Dan Marino",TRUE,"W","26-23",26,23
"201",177,1995,5,"1995-10-08","34-023","MIA","","IND","L 24-27","*",19,30,0.388,194,1,0,92.9,6.47,7.13,0,0,NA,0,0,0,NA,0,0,0,"Dan Marino",TRUE,"L","24-27",24,27
"202",178,1995,8,"1995-10-29","34-044","MIA","","BUF","W 23-6","*",20,35,0.364,232,0,0,77.3,6.63,6.63,0,0,NA,0,0,0,NA,0,0,0,"Dan Marino",TRUE,"W","23-6",23,6
"203",179,1995,9,"1995-11-05","34-051","MIA","@","SDG","W 24-14","*",25,39,0.391,291,2,1,93,7.46,7.33,1,-1,-1,0,0,0,NA,0,0,0,"Dan Marino",TRUE,"W","24-14",24,14
"204",180,1995,10,"1995-11-12","34-058","MIA","","NWE","L 17-34","*",27,37,0.422,333,2,2,95.9,9,7.65,1,4,4,0,1,-6,-6,0,0,0,"Dan Marino",TRUE,"L","17-34",17,34
"205",181,1995,11,"1995-11-20","34-066","MIA","","SFO","L 20-44","*",23,38,0.377,255,2,1,87.1,6.71,6.58,1,6,6,0,0,0,NA,0,0,0,"Dan Marino",TRUE,"L","20-44",20,44
"206",182,1995,12,"1995-11-26","34-072","MIA","@","IND","L 28-36","*",23,36,0.39,254,4,1,110.2,7.06,8.03,1,0,0,0,0,0,NA,0,0,0,"Dan Marino",TRUE,"L","28-36",28,36
"207",183,1995,13,"1995-12-03","34-079","MIA","","ATL","W 21-20","*",35,50,0.412,343,2,2,85.7,6.86,5.86,1,12,12,0,0,0,NA,0,0,0,"Dan Marino",TRUE,"W","21-20",21,20
"208",184,1995,14,"1995-12-11","34-087","MIA","","KAN","W 13-6","*",18,34,0.346,156,1,1,62.9,4.59,3.85,1,-2,-2,0,0,0,NA,0,0,0,"Dan Marino",TRUE,"W","13-6",13,6
"209",185,1995,15,"1995-12-17","34-093","MIA","@","BUF","L 20-23","*",17,27,0.386,244,1,1,89.1,9.04,8.11,0,0,NA,0,0,0,NA,0,0,0,"Dan Marino",TRUE,"L","20-23",20,23
"210",186,1995,16,"1995-12-24","34-100","MIA","@","STL","W 41-22","*",23,35,0.397,290,2,2,86.6,8.29,6.86,2,-2,-1,0,0,0,NA,0,0,0,"Dan Marino",TRUE,"W","41-22",41,22
"213",187,1996,1,"1996-09-01","34-352","MIA","","NWE","W 24-10","*",16,22,0.421,176,0,1,77.1,8,5.95,3,-3,-1,0,0,0,NA,0,0,0,"Dan Marino",TRUE,"W","24-10",24,10
"214",188,1996,2,"1996-09-08","34-359","MIA","@","ARI","W 38-10","*",14,23,0.378,178,2,0,114,7.74,9.48,0,0,NA,0,0,0,NA,0,0,0,"Dan Marino",TRUE,"W","38-10",38,10
"215",189,1996,3,"1996-09-15","35-000","MIA","","NYJ","W 36-27","*",13,23,0.361,257,3,1,117.2,11.17,11.83,0,0,NA,0,0,0,NA,0,0,0,"Dan Marino",TRUE,"W","36-27",36,27
"216",190,1996,4,"1996-09-23","35-008","MIA","@","IND","L 6-10","*",5,8,0.385,67,0,0,89.1,8.38,8.38,0,0,NA,0,0,0,NA,0,0,0,"Dan Marino",TRUE,"L","6-10",6,10
"217",191,1996,8,"1996-10-27","35-042","MIA","","DAL","L 10-29","*",12,27,0.308,173,1,1,62.7,6.41,5.48,0,0,NA,0,0,0,NA,0,0,0,"Dan Marino",TRUE,"L","10-29",10,29
"218",192,1996,9,"1996-11-03","35-049","MIA","@","NWE","L 23-42","*",17,34,0.333,225,0,1,59.1,6.62,5.29,0,0,NA,0,0,0,NA,0,0,0,"Dan Marino",TRUE,"L","23-42",23,42
"219",193,1996,10,"1996-11-10","35-056","MIA","","IND","W 37-13","*",17,23,0.425,204,3,0,140.2,8.87,11.48,1,-2,-2,0,0,0,NA,0,0,0,"Dan Marino",TRUE,"W","37-13",37,13
"220",194,1996,11,"1996-11-17","35-063","MIA","@","HOU","W 23-20","*",21,28,0.429,237,1,0,111.8,8.46,9.18,2,-3,-1.5,0,0,0,NA,0,0,0,"Dan Marino",TRUE,"W","23-20",23,20
"221",195,1996,12,"1996-11-25","35-071","MIA","","PIT","L 17-24","*",22,37,0.373,254,1,0,89.2,6.86,7.41,0,0,NA,0,0,0,NA,0,0,0,"Dan Marino",TRUE,"L","17-24",17,24
"222",196,1996,13,"1996-12-01","35-077","MIA","@","OAK","L 7-17","*",22,39,0.361,290,1,3,56.6,7.44,4.49,1,0,0,0,0,0,NA,0,0,0,"Dan Marino",TRUE,"L","7-17",7,17
"223",197,1996,14,"1996-12-08","35-084","MIA","","NYG","L 7-17","*",16,30,0.348,209,1,2,58.9,6.97,4.63,1,7,7,0,0,0,NA,0,0,0,"Dan Marino",TRUE,"L","7-17",7,17
"224",198,1996,15,"1996-12-16","35-092","MIA","","BUF","W 16-14","*",26,37,0.413,263,1,0,99.3,7.11,7.65,0,0,NA,0,0,0,NA,0,0,0,"Dan Marino",TRUE,"W","16-14",16,14
"225",199,1996,16,"1996-12-22","35-098","MIA","@","NYJ","W 31-28","*",20,42,0.323,262,3,0,91.6,6.24,7.67,3,-2,-0.67,0,0,0,NA,0,0,0,"Dan Marino",TRUE,"W","31-28",31,28
"228",200,1997,1,"1997-08-31","35-350","MIA","","IND","W 16-10","*",10,26,0.278,105,0,1,34.9,4.04,2.31,0,0,NA,0,0,0,NA,0,0,0,"Dan Marino",TRUE,"W","16-10",16,10
"229",201,1997,2,"1997-09-07","35-357","MIA","","TEN","W 16-13","*",24,43,0.358,324,0,0,80,7.53,7.53,1,-2,-2,0,0,0,NA,0,0,0,"Dan Marino",TRUE,"W","16-13",16,13
"230",202,1997,3,"1997-09-14","35-364","MIA","@","GNB","L 18-23","*",21,47,0.309,240,1,1,58.8,5.11,4.57,0,0,NA,0,0,0,NA,0,0,0,"Dan Marino",TRUE,"L","18-23",18,23
"231",203,1997,4,"1997-09-21","36-006","MIA","@","TAM","L 21-31","*",24,37,0.393,235,2,0,100.6,6.35,7.43,0,0,NA,0,0,0,NA,0,0,0,"Dan Marino",TRUE,"L","21-31",21,31
"232",204,1997,5,"1997-10-05","36-020","MIA","","KAN","W 17-14","*",19,31,0.38,259,1,0,98.7,8.35,9,3,-3,-1,0,0,0,NA,0,0,0,"Dan Marino",TRUE,"W","17-14",17,14
"233",205,1997,6,"1997-10-12","36-027","MIA","@","NYJ","W 31-20","*",27,38,0.415,372,2,0,119.6,9.79,10.84,3,-1,-0.33,0,0,0,NA,0,0,0,"Dan Marino",TRUE,"W","31-20",31,20
"234",206,1997,7,"1997-10-19","36-034","MIA","@","BAL","W 24-13","*",19,27,0.413,189,0,0,89.9,7,7,2,0,0,0,0,0,NA,0,0,0,"Dan Marino",TRUE,"W","24-13",24,13
"235",207,1997,8,"1997-10-27","36-042","MIA","","CHI","L 33-36","*",18,39,0.316,274,2,1,76.2,7.03,6.9,0,0,NA,0,0,0,NA,0,0,0,"Dan Marino",TRUE,"L","33-36",33,36
"236",208,1997,9,"1997-11-02","36-048","MIA","@","BUF","L 6-9","*",5,15,0.25,76,0,1,23.2,5.07,2.07,0,0,NA,0,0,0,NA,0,0,0,"Dan Marino",TRUE,"L","6-9",6,9
"237",209,1997,10,"1997-11-09","36-055","MIA","","NYJ","W 24-17","*",18,29,0.383,186,1,0,92,6.41,7.1,2,-2,-1,0,0,0,NA,0,0,0,"Dan Marino",TRUE,"W","24-17",24,17
"238",210,1997,11,"1997-11-17","36-063","MIA","","BUF","W 30-13","*",18,24,0.429,234,2,1,115.6,9.75,9.54,2,-2,-1,0,0,0,NA,0,0,0,"Dan Marino",TRUE,"W","30-13",30,13
"239",211,1997,12,"1997-11-23","36-069","MIA","@","NWE","L 24-27","*",38,60,0.388,389,0,3,61,6.48,4.23,1,-1,-1,0,0,0,NA,0,0,0,"Dan Marino",TRUE,"L","24-27",24,27
"240",212,1997,13,"1997-11-30","36-076","MIA","@","OAK","W 34-16","*",19,34,0.358,241,2,1,85.5,7.09,6.94,2,-1,-0.5,0,0,0,NA,0,0,0,"Dan Marino",TRUE,"W","34-16",34,16
"241",213,1997,14,"1997-12-07","36-083","MIA","","DET","W 33-30","*",24,39,0.381,310,2,1,92.9,7.95,7.82,0,0,NA,0,0,0,NA,0,0,0,"Dan Marino",TRUE,"W","33-30",33,30
"242",214,1997,15,"1997-12-14","36-090","MIA","@","IND","L 0-41","*",7,15,0.318,71,0,0,60.7,4.73,4.73,1,0,0,0,0,0,NA,0,0,0,"Dan Marino",TRUE,"L","0-41",0,41
"243",215,1997,16,"1997-12-22","36-098","MIA","","NWE","L 12-14","*",28,44,0.389,275,1,1,79.3,6.25,5.68,2,-2,-1,0,0,0,NA,0,0,0,"Dan Marino",TRUE,"L","12-14",12,14
"246",216,1998,1,"1998-09-06","36-356","MIA","@","IND","W 24-15","*",13,24,0.351,135,1,0,84.5,5.63,6.46,1,0,0,0,0,0,NA,0,0,0,"Dan Marino",TRUE,"W","24-15",24,15
"247",217,1998,2,"1998-09-13","36-363","MIA","","BUF","W 13-7","*",14,26,0.35,159,1,0,85.3,6.12,6.88,0,0,NA,0,0,0,NA,0,0,0,"Dan Marino",TRUE,"W","13-7",13,7
"248",218,1998,3,"1998-09-20","37-005","MIA","","PIT","W 21-0","*",14,22,0.389,113,1,0,91.7,5.14,6.05,1,-2,-2,0,0,0,NA,0,0,0,"Dan Marino",TRUE,"W","21-0",21,0
"249",219,1998,4,"1998-10-04","37-019","MIA","@","NYJ","L 9-20","*",13,31,0.295,121,1,2,37.2,3.9,1.65,1,0,0,0,0,0,NA,0,0,0,"Dan Marino",TRUE,"L","9-20",9,20
"250",220,1998,5,"1998-10-12","37-027","MIA","@","JAX","L 21-28","*",30,49,0.38,323,2,1,85.7,6.59,6.49,0,0,NA,0,0,0,NA,0,0,0,"Dan Marino",TRUE,"L","21-28",21,28
"251",221,1998,6,"1998-10-18","37-033","MIA","","STL","W 14-0","*",14,26,0.35,114,2,1,74.8,4.38,4.19,3,-3,-1,0,0,0,NA,0,0,0,"Dan Marino",TRUE,"W","14-0",14,0
"252",222,1998,7,"1998-10-25","37-040","MIA","","NWE","W 12-9","*",23,42,0.354,279,0,3,45.6,6.64,3.43,1,-1,-1,0,0,0,NA,0,0,0,"Dan Marino",TRUE,"W","12-9",12,9
"253",223,1998,8,"1998-11-01","37-047","MIA","@","BUF","L 24-30","*",15,27,0.357,196,1,0,91,7.26,8,1,10,10,0,0,0,NA,0,0,0,"Dan Marino",TRUE,"L","24-30",24,30
"254",224,1998,9,"1998-11-08","37-054","MIA","","IND","W 27-14","*",18,27,0.4,207,2,1,98.8,7.67,7.48,1,-2,-2,0,0,0,NA,0,0,0,"Dan Marino",TRUE,"W","27-14",27,14
"255",225,1998,10,"1998-11-15","37-061","MIA","@","CAR","W 13-9","*",14,21,0.4,140,0,1,65.6,6.67,4.52,2,-3,-1.5,0,0,0,NA,0,0,0,"Dan Marino",TRUE,"W","13-9",13,9
"256",226,1998,11,"1998-11-23","37-069","MIA","@","NWE","L 23-26","*",24,38,0.387,289,2,1,93,7.61,7.47,0,0,NA,0,0,0,NA,0,0,0,"Dan Marino",TRUE,"L","23-26",23,26
"257",227,1998,12,"1998-11-29","37-075","MIA","","NOR","W 30-10","*",22,40,0.355,255,3,1,89.1,6.38,6.75,3,0,0,0,0,0,NA,0,0,0,"Dan Marino",TRUE,"W","30-10",30,10
"258",228,1998,13,"1998-12-06","37-082","MIA","@","OAK","W 27-17","*",22,33,0.4,170,1,0,89.2,5.15,5.76,4,-4,-1,0,0,0,NA,0,0,0,"Dan Marino",TRUE,"W","27-17",27,17
"259",229,1998,14,"1998-12-13","37-089","MIA","","NYJ","L 16-21","*",30,57,0.345,321,1,1,67.9,5.63,5.19,0,0,NA,0,0,0,NA,0,0,0,"Dan Marino",TRUE,"L","16-21",16,21
"260",230,1998,15,"1998-12-21","37-097","MIA","","DEN","W 31-21","*",23,38,0.377,355,4,1,115.6,9.34,10.26,2,-1,-0.5,0,0,0,NA,0,0,0,"Dan Marino",TRUE,"W","31-21",31,21
"261",231,1998,16,"1998-12-27","37-103","MIA","@","ATL","L 16-38","*",21,36,0.368,320,1,2,73.8,8.89,6.94,1,3,3,1,0,0,NA,0,1,6,"Dan Marino",TRUE,"L","16-38",16,38
"264",232,1999,1,"1999-09-13","37-363","MIA","@","DEN","W 38-21","*",15,23,0.395,215,2,0,124.4,9.35,11.09,1,-1,-1,0,0,0,NA,0,0,0,"Dan Marino",TRUE,"W","38-21",38,21
"265",233,1999,2,"1999-09-19","38-004","MIA","","ARI","W 19-16","*",21,35,0.375,221,1,2,64.1,6.31,4.31,1,-2,-2,0,0,0,NA,0,0,0,"Dan Marino",TRUE,"W","19-16",19,16
"266",234,1999,3,"1999-10-04","38-019","MIA","","BUF","L 18-23","*",22,44,0.333,251,1,2,56.2,5.7,4.11,0,0,NA,0,0,0,NA,0,0,0,"Dan Marino",TRUE,"L","18-23",18,23
"267",235,1999,4,"1999-10-10","38-025","MIA","@","IND","W 34-31","*",25,38,0.397,393,2,0,117.5,10.34,11.39,1,-1,-1,0,0,0,NA,0,0,0,"Dan Marino",TRUE,"W","34-31",34,31
"268",236,1999,5,"1999-10-17","38-032","MIA","@","NWE","W 31-30","*",1,3,0.25,8,0,1,2.8,2.67,-12.33,0,0,NA,0,0,0,NA,0,0,0,"Dan Marino",TRUE,"W","31-30",31,30
"269",237,1999,11,"1999-11-25","38-071","MIA","@","DAL","L 0-20","*",15,36,0.294,178,0,5,17.8,4.94,-1.31,0,0,NA,0,0,0,NA,0,0,0,"Dan Marino",TRUE,"L","0-20",0,20
"270",238,1999,12,"1999-12-05","38-081","MIA","","IND","L 34-37","*",24,38,0.387,313,3,1,104.4,8.24,8.63,0,0,NA,0,0,0,NA,0,0,0,"Dan Marino",TRUE,"L","34-37",34,37
"271",239,1999,13,"1999-12-12","38-088","MIA","@","NYJ","L 20-28","*",19,40,0.322,188,0,2,40.4,4.7,2.45,0,0,NA,0,0,0,NA,0,0,0,"Dan Marino",TRUE,"L","20-28",20,28
"272",240,1999,14,"1999-12-19","38-095","MIA","","SDG","W 12-9","*",22,36,0.379,241,0,0,80.9,6.69,6.69,2,-2,-1,0,0,0,NA,0,0,0,"Dan Marino",TRUE,"W","12-9",12,9
"273",241,1999,15,"1999-12-27","38-103","MIA","","NYJ","L 31-38","*",29,52,0.358,322,3,3,69.6,6.19,4.75,1,0,0,0,0,0,NA,0,0,0,"Dan Marino",TRUE,"L","31-38",31,38
"274",242,1999,16,"2000-01-02","38-109","MIA","@","WAS","L 10-21","*",11,24,0.314,118,0,1,43.4,4.92,3.04,0,0,NA,0,0,0,NA,0,0,0,"Dan Marino",TRUE,"L","10-21",10,21
