"","player","career","rookie_season","final_season","total_attempts","total_completions","total_passing_yards","total_touchdowns","total_games","total_seasons","player_sports_ref_url","player_sports_ref_gamelog_url"
"53","Brett Favre","1991-2010",1991,2010,10960,6781,77693,552,326,20,"http://www.pro-football-reference.com/players/F/FavrBr00.htm","http://www.pro-football-reference.com/players/F/FavrBr00/gamelog"
"104","Dan Marino","1983-1999",1983,1999,9045,5352,65871,452,260,17,"http://www.pro-football-reference.com/players/M/MariDa00.htm","http://www.pro-football-reference.com/players/M/MariDa00/gamelog"
"345","Peyton Manning","1998-2013",1998,2013,8887,5800,68085,497,252,15,"http://www.pro-football-reference.com/players/M/MannPe00.htm","http://www.pro-football-reference.com/players/M/MannPe00/gamelog"
"243","John Elway","1983-1998",1983,1998,7901,4478,56439,327,256,16,"http://www.pro-football-reference.com/players/E/ElwaJo00.htm","http://www.pro-football-reference.com/players/E/ElwaJo00/gamelog"
"467","Warren Moon","1984-2000",1984,2000,7226,4247,52195,308,218,17,"http://www.pro-football-reference.com/players/M/MoonWa00.htm","http://www.pro-football-reference.com/players/M/MoonWa00/gamelog"
"435","Tom Brady","2000-2013",2000,2013,7185,4545,53011,389,210,14,"http://www.pro-football-reference.com/players/B/BradTo00.htm","http://www.pro-football-reference.com/players/B/BradTo00/gamelog"
"142","Drew Bledsoe","1993-2006",1993,2006,6969,3968,45946,257,201,14,"http://www.pro-football-reference.com/players/B/BledDr00.htm","http://www.pro-football-reference.com/players/B/BledDr00/gamelog"
"464","Vinny Testaverde","1987-2007",1987,2007,6890,3901,47553,281,240,21,"http://www.pro-football-reference.com/players/T/TestVi00.htm","http://www.pro-football-reference.com/players/T/TestVi00/gamelog"
"143","Drew Brees","2001-2013",2001,2013,6863,4510,51571,367,187,13,"http://www.pro-football-reference.com/players/B/BreeDr00.htm","http://www.pro-football-reference.com/players/B/BreeDr00/gamelog"
"159","Fran Tarkenton","1961-1978",1961,1978,6759,3835,48806,353,254,18,"http://www.pro-football-reference.com/players/T/TarkFr00.htm","http://www.pro-football-reference.com/players/T/TarkFr00/gamelog"
"273","Kerry Collins","1995-2011",1995,2011,6502,3628,42478,220,205,17,"http://www.pro-football-reference.com/players/C/CollKe00.htm","http://www.pro-football-reference.com/players/C/CollKe00/gamelog"
"235","Joe Montana","1979-1994",1979,1994,6125,3869,46323,318,200,15,"http://www.pro-football-reference.com/players/M/MontJo01.htm","http://www.pro-football-reference.com/players/M/MontJo01/gamelog"
"137","Donovan McNabb","1999-2011",1999,2011,5930,3501,40859,258,181,13,"http://www.pro-football-reference.com/players/M/McNaDo00.htm","http://www.pro-football-reference.com/players/M/McNaDo00/gamelog"
"103","Dan Fouts","1973-1987",1973,1987,5890,3456,45165,266,187,15,"http://www.pro-football-reference.com/players/F/FoutDa00.htm","http://www.pro-football-reference.com/players/F/FoutDa00/gamelog"
"113","Dave Krieg","1980-1998",1980,1998,5593,3249,40042,272,211,19,"http://www.pro-football-reference.com/players/K/KrieDa00.htm","http://www.pro-football-reference.com/players/K/KrieDa00/gamelog"
"304","Matt Hasselbeck","1999-2013",1999,2013,5427,3268,37295,219,180,15,"http://www.pro-football-reference.com/players/H/HassMa00.htm","http://www.pro-football-reference.com/players/H/HassMa00/gamelog"
"222","Jim Kelly","1986-1996",1986,1996,5324,3196,39330,258,177,11,"http://www.pro-football-reference.com/players/K/KellJi00.htm","http://www.pro-football-reference.com/players/K/KellJi00/gamelog"
"47","Boomer Esiason","1984-1997",1984,1997,5304,3020,38520,251,192,14,"http://www.pro-football-reference.com/players/E/EsiaBo00.htm","http://www.pro-football-reference.com/players/E/EsiaBo00/gamelog"
"455","Troy Aikman","1989-2000",1989,2000,5217,3218,36791,188,181,12,"http://www.pro-football-reference.com/players/A/AikmTr00.htm","http://www.pro-football-reference.com/players/A/AikmTr00/gamelog"
"221","Jim Hart","1966-1984",1966,1984,5157,2633,35156,211,201,19,"http://www.pro-football-reference.com/players/H/HartJi00.htm","http://www.pro-football-reference.com/players/H/HartJi00/gamelog"
"153","Eli Manning","2004-2013",2004,2013,5120,3002,36210,238,155,10,"http://www.pro-football-reference.com/players/M/MannEl00.htm","http://www.pro-football-reference.com/players/M/MannEl00/gamelog"
"219","Jim Everett","1986-1997",1986,1997,5099,2928,35957,210,163,12,"http://www.pro-football-reference.com/players/E/EverJi00.htm","http://www.pro-football-reference.com/players/E/EverJi00/gamelog"
"401","Steve DeBerg","1978-1998",1978,1998,5096,2919,34752,199,188,17,"http://www.pro-football-reference.com/players/D/DebeSt00.htm","http://www.pro-football-reference.com/players/D/DebeSt00/gamelog"
"294","Mark Brunell","1994-2011",1994,2011,4947,2917,33905,195,190,16,"http://www.pro-football-reference.com/players/B/BrunMa00.htm","http://www.pro-football-reference.com/players/B/BrunMa00/gamelog"
"346","Phil Simms","1979-1993",1979,1993,4926,2733,35141,209,174,14,"http://www.pro-football-reference.com/players/S/SimmPh00.htm","http://www.pro-football-reference.com/players/S/SimmPh00/gamelog"
"405","Steve McNair","1995-2007",1995,2007,4855,2917,33068,180,172,13,"http://www.pro-football-reference.com/players/M/McNaSt00.htm","http://www.pro-football-reference.com/players/M/McNaSt00/gamelog"
"246","John Hadl","1962-1977",1962,1977,4754,2390,33941,245,205,16,"http://www.pro-football-reference.com/players/H/HadlJo00.htm","http://www.pro-football-reference.com/players/H/HadlJo00/gamelog"
"351","Randall Cunningham","1985-2001",1985,2001,4654,2621,32405,219,172,16,"http://www.pro-football-reference.com/players/C/CunnRa00.htm","http://www.pro-football-reference.com/players/C/CunnRa00/gamelog"
"266","Ken Anderson","1971-1986",1971,1986,4641,2764,34159,206,192,16,"http://www.pro-football-reference.com/players/A/AndeKe00.htm","http://www.pro-football-reference.com/players/A/AndeKe00/gamelog"
"231","Joe Ferguson","1973-1990",1973,1990,4639,2427,30631,202,190,17,"http://www.pro-football-reference.com/players/F/FergJo00.htm","http://www.pro-football-reference.com/players/F/FergJo00/gamelog"
"414","Steve Young","1985-1999",1985,1999,4620,2959,36450,252,185,15,"http://www.pro-football-reference.com/players/Y/YounSt00.htm","http://www.pro-football-reference.com/players/Y/YounSt00/gamelog"
"365","Roman Gabriel","1962-1977",1962,1977,4561,2399,29780,204,174,16,"http://www.pro-football-reference.com/players/G/GabrRo00.htm","http://www.pro-football-reference.com/players/G/GabrRo00/gamelog"
"48","Brad Johnson","1994-2008",1994,2008,4550,2793,30457,173,172,15,"http://www.pro-football-reference.com/players/J/JohnBr00.htm","http://www.pro-football-reference.com/players/J/JohnBr00/gamelog"
"196","Jake Plummer","1997-2006",1997,2006,4547,2606,30593,168,149,10,"http://www.pro-football-reference.com/players/P/PlumJa00.htm","http://www.pro-football-reference.com/players/P/PlumJa00/gamelog"
"281","Kurt Warner","1998-2009",1998,2009,4532,2973,36296,239,138,12,"http://www.pro-football-reference.com/players/W/WarnKu00.htm","http://www.pro-football-reference.com/players/W/WarnKu00/gamelog"
"254","Jon Kitna","1997-2011",1997,2011,4512,2715,30104,171,142,14,"http://www.pro-football-reference.com/players/K/KitnJo00.htm","http://www.pro-football-reference.com/players/K/KitnJo00/gamelog"
"20","Ben Roethlisberger","2004-2013",2004,2013,4479,2822,35324,223,149,10,"http://www.pro-football-reference.com/players/R/RoetBe00.htm","http://www.pro-football-reference.com/players/R/RoetBe00/gamelog"
"356","Rich Gannon","1987-2004",1987,2004,4446,2687,30434,191,162,17,"http://www.pro-football-reference.com/players/G/GannRi00.htm","http://www.pro-football-reference.com/players/G/GannRi00/gamelog"
"71","Carson Palmer","2004-2013",2004,2013,4431,2761,31590,200,132,10,"http://www.pro-football-reference.com/players/P/PalmCa00.htm","http://www.pro-football-reference.com/players/P/PalmCa00/gamelog"
"367","Ron Jaworski","1974-1989",1974,1989,4388,2313,29859,189,169,15,"http://www.pro-football-reference.com/players/J/JawoRo00.htm","http://www.pro-football-reference.com/players/J/JawoRo00/gamelog"
"242","John Brodie","1960-1973",1960,1973,4377,2396,30783,208,165,14,"http://www.pro-football-reference.com/players/B/BrodJo00.htm","http://www.pro-football-reference.com/players/B/BrodJo00/gamelog"
"420","Terry Bradshaw","1970-1983",1970,1983,4357,2286,31822,242,187,14,"http://www.pro-football-reference.com/players/B/BradTe00.htm","http://www.pro-football-reference.com/players/B/BradTe00/gamelog"
"331","Norm Snead","1961-1976",1961,1976,4353,2276,30797,196,178,16,"http://www.pro-football-reference.com/players/S/SneaNo00.htm","http://www.pro-football-reference.com/players/S/SneaNo00/gamelog"
"253","Johnny Unitas","1958-1973",1958,1973,4283,2339,32948,213,172,16,"http://www.pro-football-reference.com/players/U/UnitJo00.htm","http://www.pro-football-reference.com/players/U/UnitJo00/gamelog"
"394","Sonny Jurgensen","1960-1974",1960,1974,4177,2391,31546,249,160,15,"http://www.pro-football-reference.com/players/J/JurgSo00.htm","http://www.pro-football-reference.com/players/J/JurgSo00/gamelog"
"270","Ken Stabler","1970-1984",1970,1984,4144,2473,30579,213,175,15,"http://www.pro-football-reference.com/players/S/StabKe00.htm","http://www.pro-football-reference.com/players/S/StabKe00/gamelog"
"82","Chris Chandler","1988-2004",1988,2004,4102,2387,29212,174,177,17,"http://www.pro-football-reference.com/players/C/ChanCh00.htm","http://www.pro-football-reference.com/players/C/ChanCh00/gamelog"
"208","Jeff George","1990-2001",1990,2001,4096,2369,28603,163,133,12,"http://www.pro-football-reference.com/players/G/GeorJe00.htm","http://www.pro-football-reference.com/players/G/GeorJe00/gamelog"
"347","Philip Rivers","2004-2013",2004,2013,4088,2615,32184,214,132,10,"http://www.pro-football-reference.com/players/R/RivePh00.htm","http://www.pro-football-reference.com/players/R/RivePh00/gamelog"
"220","Jim Harbaugh","1987-2000",1987,2000,4081,2388,27194,135,171,14,"http://www.pro-football-reference.com/players/H/HarbJi00.htm","http://www.pro-football-reference.com/players/H/HarbJi00/gamelog"
"97","Craig Morton","1965-1982",1965,1982,4013,2144,29143,192,201,18,"http://www.pro-football-reference.com/players/M/MortCr00.htm","http://www.pro-football-reference.com/players/M/MortCr00/gamelog"
"226","Jim Plunkett","1971-1986",1971,1986,3973,2105,28175,175,167,15,"http://www.pro-football-reference.com/players/P/PlunJi00.htm","http://www.pro-football-reference.com/players/P/PlunJi00/gamelog"
"288","Len Dawson","1960-1975",1960,1975,3912,2237,30112,245,177,16,"http://www.pro-football-reference.com/players/D/DawsLe00.htm","http://www.pro-football-reference.com/players/D/DawsLe00/gamelog"
"207","Jeff Garcia","1999-2009",1999,2009,3893,2390,26894,168,131,11,"http://www.pro-football-reference.com/players/G/GarcJe00.htm","http://www.pro-football-reference.com/players/G/GarcJe00/gamelog"
"236","Joe Namath","1965-1977",1965,1977,3879,1936,28299,176,143,13,"http://www.pro-football-reference.com/players/N/NamaJo00.htm","http://www.pro-football-reference.com/players/N/NamaJo00/gamelog"
"239","Joe Theismann","1974-1985",1974,1985,3813,2172,26988,171,154,12,"http://www.pro-football-reference.com/players/T/TheiJo00.htm","http://www.pro-football-reference.com/players/T/TheiJo00/gamelog"
"454","Trent Green","1997-2008",1997,2008,3794,2298,28794,164,122,11,"http://www.pro-football-reference.com/players/G/GreeTr00.htm","http://www.pro-football-reference.com/players/G/GreeTr00/gamelog"
"444","Tommy Kramer","1977-1990",1977,1990,3791,2083,25651,162,130,14,"http://www.pro-football-reference.com/players/K/KramTo00.htm","http://www.pro-football-reference.com/players/K/KramTo00/gamelog"
"451","Tony Romo","2005-2013",2005,2013,3721,2406,29122,201,128,9,"http://www.pro-football-reference.com/players/R/RomoTo00.htm","http://www.pro-football-reference.com/players/R/RomoTo00/gamelog"
"404","Steve Grogan","1975-1990",1975,1990,3688,1927,27457,185,151,16,"http://www.pro-football-reference.com/players/G/GrogSt00.htm","http://www.pro-football-reference.com/players/G/GrogSt00/gamelog"
"269","Ken O'Brien","1984-1993",1984,1993,3669,2155,25598,130,129,10,"http://www.pro-football-reference.com/players/O/OBriKe00.htm","http://www.pro-football-reference.com/players/O/OBriKe00/gamelog"
"15","Archie Manning","1971-1984",1971,1984,3642,2011,23911,125,150,13,"http://www.pro-football-reference.com/players/M/MannAr00.htm","http://www.pro-football-reference.com/players/M/MannAr00/gamelog"
"38","Bob Griese","1967-1980",1967,1980,3637,2038,26559,202,173,14,"http://www.pro-football-reference.com/players/G/GrieBo00.htm","http://www.pro-football-reference.com/players/G/GrieBo00/gamelog"
"21","Bernie Kosar","1985-1996",1985,1996,3635,2146,25254,140,134,12,"http://www.pro-football-reference.com/players/K/KosaBe00.htm","http://www.pro-football-reference.com/players/K/KosaBe00/gamelog"
"398","Steve Bartkowski","1975-1986",1975,1986,3567,1985,24916,161,133,12,"http://www.pro-football-reference.com/players/B/BartSt00.htm","http://www.pro-football-reference.com/players/B/BartSt00/gamelog"
"329","Neil O'Donnell","1991-2003",1991,2003,3504,2024,23399,129,130,13,"http://www.pro-football-reference.com/players/O/ODonNe00.htm","http://www.pro-football-reference.com/players/O/ODonNe00/gamelog"
"56","Brian Sipe","1974-1983",1974,1983,3479,1957,23896,154,122,10,"http://www.pro-football-reference.com/players/S/SipeBr00.htm","http://www.pro-football-reference.com/players/S/SipeBr00/gamelog"
"77","Charley Johnson","1961-1975",1961,1975,3392,1737,24410,170,147,15,"http://www.pro-football-reference.com/players/J/JohnCh02.htm","http://www.pro-football-reference.com/players/J/JohnCh02/gamelog"
"364","Roger Staubach","1969-1979",1969,1979,3368,1908,25491,177,150,11,"http://www.pro-football-reference.com/players/S/StauRo00.htm","http://www.pro-football-reference.com/players/S/StauRo00/gamelog"
"399","Steve Beuerlein","1988-2003",1988,2003,3359,1910,24317,148,130,14,"http://www.pro-football-reference.com/players/B/BeueSt00.htm","http://www.pro-football-reference.com/players/B/BeueSt00/gamelog"
"112","Daunte Culpepper","1999-2009",1999,2009,3333,2089,25133,157,109,11,"http://www.pro-football-reference.com/players/C/CulpDa00.htm","http://www.pro-football-reference.com/players/C/CulpDa00/gamelog"
"109","Danny White","1976-1988",1976,1988,3310,1967,24243,170,183,13,"http://www.pro-football-reference.com/players/W/WhitDa01.htm","http://www.pro-football-reference.com/players/W/WhitDa01/gamelog"
"452","Trent Dilfer","1994-2007",1994,2007,3307,1818,21489,117,133,13,"http://www.pro-football-reference.com/players/D/DilfTr00.htm","http://www.pro-football-reference.com/players/D/DilfTr00/gamelog"
"292","Marc Bulger","2002-2009",2002,2009,3284,2037,23758,126,99,8,"http://www.pro-football-reference.com/players/B/BulgMa00.htm","http://www.pro-football-reference.com/players/B/BulgMa00/gamelog"
"205","Jeff Blake","1992-2005",1992,2005,3241,1827,21711,134,119,13,"http://www.pro-football-reference.com/players/B/BlakJe00.htm","http://www.pro-football-reference.com/players/B/BlakJe00/gamelog"
"43","Bobby Hebert","1985-1996",1985,1996,3223,1897,22331,138,118,11,"http://www.pro-football-reference.com/players/H/HebeBo00.htm","http://www.pro-football-reference.com/players/H/HebeBo00/gamelog"
"202","Jay Cutler","2006-2013",2006,2013,3222,1963,23328,150,102,8,"http://www.pro-football-reference.com/players/C/CutlJa00.htm","http://www.pro-football-reference.com/players/C/CutlJa00/gamelog"
"190","Jack Kemp","1960-1969",1960,1969,3213,1506,22256,116,120,9,"http://www.pro-football-reference.com/players/K/KempJa00.htm","http://www.pro-football-reference.com/players/K/KempJa00/gamelog"
"173","George Blanda","1956-1975",1956,1975,3209,1555,22169,195,229,17,"http://www.pro-football-reference.com/players/B/BlanGe00.htm","http://www.pro-football-reference.com/players/B/BlanGe00/gamelog"
"3","Aaron Rodgers","2005-2013",2005,2013,3208,2113,26191,204,102,9,"http://www.pro-football-reference.com/players/R/RodgAa00.htm","http://www.pro-football-reference.com/players/R/RodgAa00/gamelog"
"328","Neil Lomax","1981-1988",1981,1988,3204,1849,23156,138,109,8,"http://www.pro-football-reference.com/players/L/LomaNe00.htm","http://www.pro-football-reference.com/players/L/LomaNe00/gamelog"
"290","Lynn Dickey","1971-1985",1971,1985,3184,1783,23914,146,131,13,"http://www.pro-football-reference.com/players/D/DickLy00.htm","http://www.pro-football-reference.com/players/D/DickLy00/gamelog"
"183","Gus Frerotte","1994-2008",1994,2008,3181,1733,21666,115,119,15,"http://www.pro-football-reference.com/players/F/FrerGu00.htm","http://www.pro-football-reference.com/players/F/FrerGu00/gamelog"
"228","Jim Zorn","1976-1987",1976,1987,3177,1683,21249,113,120,11,"http://www.pro-football-reference.com/players/Z/ZornJi00.htm","http://www.pro-football-reference.com/players/Z/ZornJi00/gamelog"
"232","Joe Flacco","2008-2013",2008,2013,3172,1898,22472,131,101,6,"http://www.pro-football-reference.com/players/F/FlacJo00.htm","http://www.pro-football-reference.com/players/F/FlacJo00/gamelog"
"107","Dan Pastorini","1971-1983",1971,1983,3171,1627,19469,107,144,12,"http://www.pro-football-reference.com/players/P/PastDa00.htm","http://www.pro-football-reference.com/players/P/PastDa00/gamelog"
"313","Michael Vick","2001-2013",2001,2013,3171,1782,22466,133,133,11,"http://www.pro-football-reference.com/players/V/VickMi00.htm","http://www.pro-football-reference.com/players/V/VickMi00/gamelog"
"29","Billy Kilmer","1961-1978",1961,1978,3162,1677,21555,160,173,16,"http://www.pro-football-reference.com/players/K/KilmBi00.htm","http://www.pro-football-reference.com/players/K/KilmBi00/gamelog"
"194","Jake Delhomme","1999-2011",1999,2011,3158,1871,22822,138,110,11,"http://www.pro-football-reference.com/players/D/DelhJa00.htm","http://www.pro-football-reference.com/players/D/DelhJa00/gamelog"
"309","Matt Ryan","2008-2013",2008,2013,3157,2004,22639,151,91,6,"http://www.pro-football-reference.com/players/R/RyanMa00.htm","http://www.pro-football-reference.com/players/R/RyanMa00/gamelog"
"310","Matt Schaub","2004-2013",2004,2013,3145,2029,24101,130,125,10,"http://www.pro-football-reference.com/players/S/SchaMa00.htm","http://www.pro-football-reference.com/players/S/SchaMa00/gamelog"
"357","Richard Todd","1976-1985",1976,1985,3107,1688,21636,128,122,10,"http://www.pro-football-reference.com/players/T/ToddRi00.htm","http://www.pro-football-reference.com/players/T/ToddRi00/gamelog"
"2","Aaron Brooks","2000-2006",2000,2006,3040,1719,20822,129,95,7,"http://www.pro-football-reference.com/players/B/BrooAa00.htm","http://www.pro-football-reference.com/players/B/BrooAa00/gamelog"
"204","Jay Schroeder","1985-1994",1985,1994,2966,1498,20854,119,121,10,"http://www.pro-football-reference.com/players/S/SchrJa00.htm","http://www.pro-football-reference.com/players/S/SchrJa00/gamelog"
"83","Chris Miller","1987-1999",1987,1999,2954,1615,19789,126,100,10,"http://www.pro-football-reference.com/players/M/MillCh00.htm","http://www.pro-football-reference.com/players/M/MillCh00/gamelog"
"111","Daryle Lamonica","1963-1974",1963,1974,2862,1405,21082,183,151,12,"http://www.pro-football-reference.com/players/L/LamoDa00.htm","http://www.pro-football-reference.com/players/L/LamoDa00/gamelog"
"297","Mark Rypien","1988-2001",1988,2001,2847,1592,20249,123,105,11,"http://www.pro-football-reference.com/players/R/RypiMa00.htm","http://www.pro-football-reference.com/players/R/RypiMa00/gamelog"
"19","Bart Starr","1960-1971",1960,1971,2812,1649,22810,148,146,12,"http://www.pro-football-reference.com/players/S/StarBa00.htm","http://www.pro-football-reference.com/players/S/StarBa00/gamelog"
"54","Brian Griese","1998-2008",1998,2008,2796,1752,19440,119,93,11,"http://www.pro-football-reference.com/players/G/GrieBr00.htm","http://www.pro-football-reference.com/players/G/GrieBr00/gamelog"
"397","Stan Humphries","1989-1997",1989,1997,2744,1549,18538,95,94,8,"http://www.pro-football-reference.com/players/H/HumpSt00.htm","http://www.pro-football-reference.com/players/H/HumpSt00/gamelog"
"18","Babe Parilli","1960-1969",1960,1969,2743,1298,18778,146,120,10,"http://www.pro-football-reference.com/players/P/PariBa00.htm","http://www.pro-football-reference.com/players/P/PariBa00/gamelog"
"223","Jim McMahon","1982-1996",1982,1996,2728,1574,19260,105,126,15,"http://www.pro-football-reference.com/players/M/McMaJi00.htm","http://www.pro-football-reference.com/players/M/McMaJi00/gamelog"
"76","Chad Pennington","2000-2010",2000,2010,2687,1764,19241,110,95,11,"http://www.pro-football-reference.com/players/P/PennCh01.htm","http://www.pro-football-reference.com/players/P/PennCh01/gamelog"
"141","Doug Williams","1978-1989",1978,1989,2676,1308,18108,109,95,9,"http://www.pro-football-reference.com/players/W/WillDo01.htm","http://www.pro-football-reference.com/players/W/WillDo01/gamelog"
"22","Bert Jones","1973-1982",1973,1982,2613,1459,18589,125,105,10,"http://www.pro-football-reference.com/players/J/JoneBe00.htm","http://www.pro-football-reference.com/players/J/JoneBe00/gamelog"
"466","Wade Wilson","1981-1998",1981,1998,2613,1490,18605,106,129,17,"http://www.pro-football-reference.com/players/W/WilsWa00.htm","http://www.pro-football-reference.com/players/W/WilsWa00/gamelog"
"154","Elvis Grbac","1994-2001",1994,2001,2578,1521,17492,102,100,8,"http://www.pro-football-reference.com/players/G/GrbaEl00.htm","http://www.pro-football-reference.com/players/G/GrbaEl00/gamelog"
"7","Alex Smith","2005-2013",2005,2013,2560,1514,16694,95,91,8,"http://www.pro-football-reference.com/players/S/SmitAl03.htm","http://www.pro-football-reference.com/players/S/SmitAl03/gamelog"
"240","Joey Harrington","2002-2007",2002,2007,2538,1424,14693,79,82,6,"http://www.pro-football-reference.com/players/H/HarrJo00.htm","http://www.pro-football-reference.com/players/H/HarrJo00/gamelog"
"278","Kordell Stewart","1995-2005",1995,2005,2500,1385,15490,79,130,11,"http://www.pro-football-reference.com/players/S/StewKo00.htm","http://www.pro-football-reference.com/players/S/StewKo00/gamelog"
"325","Mike Tomczak","1985-1999",1985,1999,2480,1322,16963,90,138,15,"http://www.pro-football-reference.com/players/T/TomcMi00.htm","http://www.pro-football-reference.com/players/T/TomcMi00/gamelog"
"209","Jeff Hostetler","1986-1997",1986,1997,2453,1429,17464,101,111,11,"http://www.pro-football-reference.com/players/H/HostJe00.htm","http://www.pro-football-reference.com/players/H/HostJe00/gamelog"
"23","Bill Kenney","1980-1988",1980,1988,2446,1338,17374,105,86,9,"http://www.pro-football-reference.com/players/K/KennBi00.htm","http://www.pro-football-reference.com/players/K/KennBi00/gamelog"
"157","Erik Kramer","1987-1999",1987,1999,2429,1408,16336,98,86,10,"http://www.pro-football-reference.com/players/K/KramEr00.htm","http://www.pro-football-reference.com/players/K/KramEr00/gamelog"
"386","Scott Mitchell","1992-2001",1992,2001,2400,1324,15925,96,85,10,"http://www.pro-football-reference.com/players/M/MitcSc00.htm","http://www.pro-football-reference.com/players/M/MitcSc00/gamelog"
"133","Don Meredith","1960-1968",1960,1968,2386,1209,17750,138,105,9,"http://www.pro-football-reference.com/players/M/MereDo00.htm","http://www.pro-football-reference.com/players/M/MereDo00/gamelog"
"363","Rodney Peete","1989-2004",1989,2004,2378,1364,16636,79,103,14,"http://www.pro-football-reference.com/players/P/PeetRo00.htm","http://www.pro-football-reference.com/players/P/PeetRo00/gamelog"
"448","Tony Banks","1996-2005",1996,2005,2359,1278,15315,77,95,9,"http://www.pro-football-reference.com/players/B/BankTo00.htm","http://www.pro-football-reference.com/players/B/BankTo00/gamelog"
"119","David Garrard","2002-2010",2002,2010,2343,1440,16489,92,89,9,"http://www.pro-football-reference.com/players/G/GarrDa00.htm","http://www.pro-football-reference.com/players/G/GarrDa00/gamelog"
"373","Ryan Fitzpatrick","2005-2013",2005,2013,2327,1379,14862,94,76,9,"http://www.pro-football-reference.com/players/F/FitzRy00.htm","http://www.pro-football-reference.com/players/F/FitzRy00/gamelog"
"182","Greg Landry","1968-1984",1968,1984,2312,1281,16100,98,123,15,"http://www.pro-football-reference.com/players/L/LandGr00.htm","http://www.pro-football-reference.com/players/L/LandGr00/gamelog"
"63","Bubby Brister","1986-2000",1986,2000,2274,1241,14801,82,98,14,"http://www.pro-football-reference.com/players/B/BrisBu00.htm","http://www.pro-football-reference.com/players/B/BrisBu00/gamelog"
"118","David Carr","2002-2012",2002,2012,2267,1353,14452,65,95,10,"http://www.pro-football-reference.com/players/C/CarrDa00.htm","http://www.pro-football-reference.com/players/C/CarrDa00/gamelog"
"200","Jason Campbell","2006-2013",2006,2013,2257,1374,15243,81,80,8,"http://www.pro-football-reference.com/players/C/CampJa00.htm","http://www.pro-football-reference.com/players/C/CampJa00/gamelog"
"311","Matthew Stafford","2009-2013",2009,2013,2244,1353,15804,99,54,5,"http://www.pro-football-reference.com/players/S/StafMa00.htm","http://www.pro-football-reference.com/players/S/StafMa00/gamelog"
"138","Doug Flutie","1986-2005",1986,2005,2218,1209,15209,88,93,12,"http://www.pro-football-reference.com/players/F/FlutDo00.htm","http://www.pro-football-reference.com/players/F/FlutDo00/gamelog"
"284","Kyle Orton","2005-2013",2005,2013,2214,1293,14621,81,73,8,"http://www.pro-football-reference.com/players/O/OrtoKy00.htm","http://www.pro-football-reference.com/players/O/OrtoKy00/gamelog"
"145","Earl Morrall","1960-1976",1960,1976,2210,1162,17529,142,140,17,"http://www.pro-football-reference.com/players/M/MorrEa00.htm","http://www.pro-football-reference.com/players/M/MorrEa00/gamelog"
"301","Matt Cassel","2005-2013",2005,2013,2137,1264,14101,85,84,9,"http://www.pro-football-reference.com/players/C/CassMa00.htm","http://www.pro-football-reference.com/players/C/CassMa00/gamelog"
"293","Marc Wilson","1980-1990",1980,1990,2108,1096,14526,87,81,10,"http://www.pro-football-reference.com/players/W/WilsMa00.htm","http://www.pro-football-reference.com/players/W/WilsMa00/gamelog"
"161","Frank Ryan","1960-1970",1960,1970,2102,1078,15833,152,111,11,"http://www.pro-football-reference.com/players/R/RyanFr00.htm","http://www.pro-football-reference.com/players/R/RyanFr00/gamelog"
"359","Rick Mirer","1993-2003",1993,2003,2043,1088,11969,50,79,8,"http://www.pro-football-reference.com/players/M/MireRi00.htm","http://www.pro-football-reference.com/players/M/MireRi00/gamelog"
"25","Bill Nelsen","1963-1972",1963,1972,2037,1031,15004,101,92,10,"http://www.pro-football-reference.com/players/N/NelsBi00.htm","http://www.pro-football-reference.com/players/N/NelsBi00/gamelog"
"298","Mark Sanchez","2009-2012",2009,2012,2024,1123,13247,77,67,4,"http://www.pro-football-reference.com/players/S/SancMa00.htm","http://www.pro-football-reference.com/players/S/SancMa00/gamelog"
"256","Josh Freeman","2009-2013",2009,2013,2020,1164,13724,80,61,5,"http://www.pro-football-reference.com/players/F/FreeJo00.htm","http://www.pro-football-reference.com/players/F/FreeJo00/gamelog"
"24","Bill Munson","1964-1979",1964,1979,1990,1072,12940,84,104,16,"http://www.pro-football-reference.com/players/M/MunsBi00.htm","http://www.pro-football-reference.com/players/M/MunsBi00/gamelog"
"166","Gary Danielson","1977-1988",1977,1988,1970,1129,14000,81,86,10,"http://www.pro-football-reference.com/players/D/DaniGa00.htm","http://www.pro-football-reference.com/players/D/DaniGa00/gamelog"
"132","Don Majkowski","1987-1996",1987,1996,1928,1070,12906,69,78,10,"http://www.pro-football-reference.com/players/M/MajkDo00.htm","http://www.pro-football-reference.com/players/M/MajkDo00/gamelog"
"326","Milt Plum","1957-1969",1957,1969,1912,1019,13469,95,94,12,"http://www.pro-football-reference.com/players/P/PlumMi00.htm","http://www.pro-football-reference.com/players/P/PlumMi00/gamelog"
"322","Mike Phipps","1970-1981",1970,1981,1858,911,10806,56,103,12,"http://www.pro-football-reference.com/players/P/PhipMi00.htm","http://www.pro-football-reference.com/players/P/PhipMi00/gamelog"
"203","Jay Fiedler","1998-2005",1998,2005,1827,1067,12499,72,79,8,"http://www.pro-football-reference.com/players/F/FiedJa00.htm","http://www.pro-football-reference.com/players/F/FiedJa00/gamelog"
"462","Vince Ferragamo","1977-1986",1977,1986,1803,994,12564,84,77,9,"http://www.pro-football-reference.com/players/F/FerrVi00.htm","http://www.pro-football-reference.com/players/F/FerrVi00/gamelog"
"378","Sam Bradford","2010-2013",2010,2013,1760,1032,11065,59,49,4,"http://www.pro-football-reference.com/players/B/BradSa00.htm","http://www.pro-football-reference.com/players/B/BradSa00/gamelog"
"318","Mike Livingston","1968-1979",1968,1979,1751,912,11295,56,90,12,"http://www.pro-football-reference.com/players/L/LiviMi00.htm","http://www.pro-football-reference.com/players/L/LiviMi00/gamelog"
"400","Steve Bono","1985-1999",1985,1999,1728,947,10576,63,75,14,"http://www.pro-football-reference.com/players/B/BonoSt00.htm","http://www.pro-football-reference.com/players/B/BonoSt00/gamelog"
"296","Mark Malone","1981-1989",1981,1989,1719,879,10733,64,73,8,"http://www.pro-football-reference.com/players/M/MaloMa00.htm","http://www.pro-football-reference.com/players/M/MaloMa00/gamelog"
"424","Tim Couch","1999-2003",1999,2003,1714,1025,11131,64,62,5,"http://www.pro-football-reference.com/players/C/CoucTi00.htm","http://www.pro-football-reference.com/players/C/CoucTi00/gamelog"
"437","Tom Flores","1960-1969",1960,1969,1714,838,11960,93,88,9,"http://www.pro-football-reference.com/players/F/FlorTo00.htm","http://www.pro-football-reference.com/players/F/FlorTo00/gamelog"
"28","Billy Joe Tolliver","1989-1999",1989,1999,1707,891,10760,59,77,9,"http://www.pro-football-reference.com/players/T/TollBi00.htm","http://www.pro-football-reference.com/players/T/TollBi00/gamelog"
"355","Rex Grossman","2003-2011",2003,2011,1695,932,11015,60,57,9,"http://www.pro-football-reference.com/players/G/GrosRe00.htm","http://www.pro-football-reference.com/players/G/GrosRe00/gamelog"
"94","Cotton Davidson","1960-1968",1960,1968,1687,742,11451,73,71,8,"http://www.pro-football-reference.com/players/D/DaviCo00.htm","http://www.pro-football-reference.com/players/D/DaviCo00/gamelog"
"192","Jack Trudeau","1986-1995",1986,1995,1677,894,10494,44,68,10,"http://www.pro-football-reference.com/players/T/TrudJa00.htm","http://www.pro-football-reference.com/players/T/TrudJa00/gamelog"
"114","Dave M. Brown","1992-2000",1992,2000,1644,898,10304,44,71,9,"http://www.pro-football-reference.com/players/B/BrowDa00.htm","http://www.pro-football-reference.com/players/B/BrowDa00/gamelog"
"67","Byron Leftwich","2003-2012",2003,2012,1637,948,10711,58,63,9,"http://www.pro-football-reference.com/players/L/LeftBy00.htm","http://www.pro-football-reference.com/players/L/LeftBy00/gamelog"
"449","Tony Eason","1983-1990",1983,1990,1636,953,11703,68,66,8,"http://www.pro-football-reference.com/players/E/EasoTo00.htm","http://www.pro-football-reference.com/players/E/EasoTo00/gamelog"
"31","Billy Wade","1955-1966",1955,1966,1620,883,11390,80,70,8,"http://www.pro-football-reference.com/players/W/WadeBi00.htm","http://www.pro-football-reference.com/players/W/WadeBi00/gamelog"
"78","Charlie Batch","1998-2012",1998,2012,1604,908,11085,61,80,12,"http://www.pro-football-reference.com/players/B/BatcCh00.htm","http://www.pro-football-reference.com/players/B/BatcCh00/gamelog"
"471","Y.A. Tittle","1948-1964",1948,1964,1592,870,12007,104,68,7,"http://www.pro-football-reference.com/players/T/TittY.00.htm","http://www.pro-football-reference.com/players/T/TittY.00/gamelog"
"74","Chad Henne","2008-2013",2008,2013,1591,944,10648,45,51,6,"http://www.pro-football-reference.com/players/H/HennCh01.htm","http://www.pro-football-reference.com/players/H/HennCh01/gamelog"
"155","Eric Hipple","1981-1989",1981,1989,1584,852,11009,56,66,8,"http://www.pro-football-reference.com/players/H/HippEr00.htm","http://www.pro-football-reference.com/players/H/HippEr00/gamelog"
"321","Mike Pagel","1982-1993",1982,1993,1534,773,9593,51,76,11,"http://www.pro-football-reference.com/players/P/PageMi00.htm","http://www.pro-football-reference.com/players/P/PageMi00/gamelog"
"282","Kyle Boller","2003-2011",2003,2011,1519,861,8931,48,66,8,"http://www.pro-football-reference.com/players/B/BollKy00.htm","http://www.pro-football-reference.com/players/B/BollKy00/gamelog"
"336","Pat Haden","1976-1981",1976,1981,1486,786,10024,56,68,6,"http://www.pro-football-reference.com/players/H/HadePa00.htm","http://www.pro-football-reference.com/players/H/HadePa00/gamelog"
"125","Derek Anderson","2006-2013",2006,2013,1440,760,9206,53,58,8,"http://www.pro-football-reference.com/players/A/AndeDe00.htm","http://www.pro-football-reference.com/players/A/AndeDe00/gamelog"
"12","Andy Dalton","2011-2013",2011,2013,1418,866,9713,58,43,3,"http://www.pro-football-reference.com/players/D/DaltAn00.htm","http://www.pro-football-reference.com/players/D/DaltAn00/gamelog"
"461","Vince Evans","1977-1995",1977,1995,1398,706,9511,52,94,15,"http://www.pro-football-reference.com/players/E/EvanVi00.htm","http://www.pro-football-reference.com/players/E/EvanVi00/gamelog"
"123","David Woodley","1980-1985",1980,1985,1381,735,9203,53,63,6,"http://www.pro-football-reference.com/players/W/WoodDa00.htm","http://www.pro-football-reference.com/players/W/WoodDa00/gamelog"
"413","Steve Walsh","1989-1999",1989,1999,1376,745,8248,42,61,9,"http://www.pro-football-reference.com/players/W/WalsSt00.htm","http://www.pro-football-reference.com/players/W/WalsSt00/gamelog"
"342","Pete Beathard","1964-1973",1964,1973,1368,609,8544,45,79,10,"http://www.pro-football-reference.com/players/B/BeatPe00.htm","http://www.pro-football-reference.com/players/B/BeatPe00/gamelog"
"245","John Friesz","1990-2000",1990,2000,1364,745,8699,45,57,10,"http://www.pro-football-reference.com/players/F/FrieJo00.htm","http://www.pro-football-reference.com/players/F/FrieJo00/gamelog"
"167","Gary Hogeboom","1982-1989",1982,1989,1354,757,9598,51,59,8,"http://www.pro-football-reference.com/players/H/HogeGa00.htm","http://www.pro-football-reference.com/players/H/HogeGa00/gamelog"
"271","Kent Graham","1992-2001",1992,2001,1339,694,7801,39,60,9,"http://www.pro-football-reference.com/players/G/GrahKe00.htm","http://www.pro-football-reference.com/players/G/GrahKe00/gamelog"
"463","Vince Young","2006-2011",2006,2011,1333,771,9102,46,62,6,"http://www.pro-football-reference.com/players/Y/YounVi00.htm","http://www.pro-football-reference.com/players/Y/YounVi00/gamelog"
"445","Tommy Maddox","1992-2005",1992,2005,1296,740,8754,53,56,9,"http://www.pro-football-reference.com/players/M/MaddTo00.htm","http://www.pro-football-reference.com/players/M/MaddTo00/gamelog"
"352","Randy Johnson","1966-1976",1966,1976,1286,647,8329,51,73,10,"http://www.pro-football-reference.com/players/J/JohnRa00.htm","http://www.pro-football-reference.com/players/J/JohnRa00/gamelog"
"162","Frank Tripucka","1960-1963",1960,1963,1277,662,7676,51,43,4,"http://www.pro-football-reference.com/players/T/TripFr00.htm","http://www.pro-football-reference.com/players/T/TripFr00/gamelog"
"70","Cam Newton","2011-2013",2011,2013,1241,744,9721,53,40,3,"http://www.pro-football-reference.com/players/N/NewtCa00.htm","http://www.pro-football-reference.com/players/N/NewtCa00/gamelog"
"165","Gary Cuozzo","1963-1972",1963,1972,1234,606,7688,45,82,10,"http://www.pro-football-reference.com/players/C/CuozGa00.htm","http://www.pro-football-reference.com/players/C/CuozGa00/gamelog"
"198","James Harris","1969-1979",1969,1979,1198,628,8479,47,78,10,"http://www.pro-football-reference.com/players/H/HarrJa01.htm","http://www.pro-football-reference.com/players/H/HarrJa01/gamelog"
"127","Dick Wood","1962-1966",1962,1966,1194,522,7153,51,47,5,"http://www.pro-football-reference.com/players/W/WoodDi00.htm","http://www.pro-football-reference.com/players/W/WoodDi00/gamelog"
"42","Bobby Douglass","1969-1978",1969,1978,1178,507,6493,36,74,10,"http://www.pro-football-reference.com/players/D/DougBo00.htm","http://www.pro-football-reference.com/players/D/DougBo00/gamelog"
"258","Josh McCown","2002-2013",2002,2013,1174,681,7474,40,53,10,"http://www.pro-football-reference.com/players/M/McCoJo01.htm","http://www.pro-football-reference.com/players/M/McCoJo01/gamelog"
"35","Bob Berry","1965-1975",1965,1975,1173,661,9197,64,71,11,"http://www.pro-football-reference.com/players/B/BerrBo00.htm","http://www.pro-football-reference.com/players/B/BerrBo00/gamelog"
"472","Zeke Bratkowski","1960-1971",1960,1971,1162,608,8005,47,79,10,"http://www.pro-football-reference.com/players/B/BratZe00.htm","http://www.pro-football-reference.com/players/B/BratZe00/gamelog"
"410","Steve Spurrier","1967-1976",1967,1976,1151,597,7919,40,104,10,"http://www.pro-football-reference.com/players/S/SpurSt00.htm","http://www.pro-football-reference.com/players/S/SpurSt00/gamelog"
"34","Bob Avellini","1975-1984",1975,1984,1135,575,7288,34,66,8,"http://www.pro-football-reference.com/players/A/AvelBo00.htm","http://www.pro-football-reference.com/players/A/AvelBo00/gamelog"
"353","Randy Wright","1984-1988",1984,1988,1119,602,7106,31,45,5,"http://www.pro-football-reference.com/players/W/WrigRa00.htm","http://www.pro-football-reference.com/players/W/WrigRa00/gamelog"
"189","Jack Concannon","1964-1975",1964,1975,1110,560,6270,36,60,10,"http://www.pro-football-reference.com/players/C/ConcJa00.htm","http://www.pro-football-reference.com/players/C/ConcJa00/gamelog"
"403","Steve Fuller","1979-1986",1979,1986,1107,627,7454,30,62,7,"http://www.pro-football-reference.com/players/F/FullSt00.htm","http://www.pro-football-reference.com/players/F/FullSt00/gamelog"
"382","Scott Brunner","1980-1985",1980,1985,1097,537,6843,35,45,5,"http://www.pro-football-reference.com/players/B/BrunSc00.htm","http://www.pro-football-reference.com/players/B/BrunSc00/gamelog"
"418","Tarvaris Jackson","2006-2013",2006,2013,1096,647,7368,39,53,8,"http://www.pro-football-reference.com/players/J/JackTa00.htm","http://www.pro-football-reference.com/players/J/JackTa00/gamelog"
"95","Craig Erickson","1992-1997",1992,1997,1092,591,7625,41,52,6,"http://www.pro-football-reference.com/players/E/EricCr00.htm","http://www.pro-football-reference.com/players/E/EricCr00/gamelog"
"369","Rudy Bukich","1960-1968",1960,1968,1084,588,7865,59,68,9,"http://www.pro-football-reference.com/players/B/BukiRu00.htm","http://www.pro-football-reference.com/players/B/BukiRu00/gamelog"
"116","Dave Wilson","1981-1988",1981,1988,1051,553,7007,36,53,7,"http://www.pro-football-reference.com/players/W/WilsDa00.htm","http://www.pro-football-reference.com/players/W/WilsDa00/gamelog"
"224","Jim Miller","1995-2002",1995,2002,1051,613,6410,36,38,6,"http://www.pro-football-reference.com/players/M/MillJi00.htm","http://www.pro-football-reference.com/players/M/MillJi00/gamelog"
"160","Frank Reich","1985-1998",1985,1998,1036,575,6858,47,78,13,"http://www.pro-football-reference.com/players/R/ReicFr00.htm","http://www.pro-football-reference.com/players/R/ReicFr00/gamelog"
"225","Jim Ninowski","1958-1969",1958,1969,1036,505,6984,33,62,11,"http://www.pro-football-reference.com/players/N/NinoJi00.htm","http://www.pro-football-reference.com/players/N/NinoJi00/gamelog"
"234","Joe Kapp","1967-1970",1967,1970,1019,510,6746,43,55,4,"http://www.pro-football-reference.com/players/K/KappJo00.htm","http://www.pro-football-reference.com/players/K/KappJo00/gamelog"
"146","Ed Brown","1956-1965",1956,1965,1008,455,7820,50,73,7,"http://www.pro-football-reference.com/players/B/BrowEd01.htm","http://www.pro-football-reference.com/players/B/BrowEd01/gamelog"
"348","Quincy Carter","2001-2004",2001,2004,996,563,6491,32,38,4,"http://www.pro-football-reference.com/players/C/CartQu00.htm","http://www.pro-football-reference.com/players/C/CartQu00/gamelog"
"108","Danny Kanell","1996-2003",1996,2003,988,507,5328,32,40,6,"http://www.pro-football-reference.com/players/K/KaneDa00.htm","http://www.pro-football-reference.com/players/K/KaneDa00/gamelog"
"122","David Whitehurst","1977-1983",1977,1983,980,504,6205,28,52,7,"http://www.pro-football-reference.com/players/W/WhitDa02.htm","http://www.pro-football-reference.com/players/W/WhitDa02/gamelog"
"407","Steve Pelluer","1985-1990",1985,1990,974,548,6870,29,44,6,"http://www.pro-football-reference.com/players/P/PellSt00.htm","http://www.pro-football-reference.com/players/P/PellSt00/gamelog"
"402","Steve Dils","1980-1988",1980,1988,972,504,5816,27,47,9,"http://www.pro-football-reference.com/players/D/DilsSt00.htm","http://www.pro-football-reference.com/players/D/DilsSt00/gamelog"
"458","Ty Detmer","1993-2001",1993,2001,967,560,6499,34,42,7,"http://www.pro-football-reference.com/players/D/DetmTy00.htm","http://www.pro-football-reference.com/players/D/DetmTy00/gamelog"
"324","Mike Taliaferro","1964-1972",1964,1972,966,419,5241,36,61,8,"http://www.pro-football-reference.com/players/T/TaliMi00.htm","http://www.pro-football-reference.com/players/T/TaliMi00/gamelog"
"101","Damon Huard","1998-2008",1998,2008,962,579,6349,33,44,8,"http://www.pro-football-reference.com/players/H/HuarDa00.htm","http://www.pro-football-reference.com/players/H/HuarDa00/gamelog"
"392","Shaun Hill","2005-2013",2005,2013,954,591,6381,41,36,8,"http://www.pro-football-reference.com/players/H/HillSh00.htm","http://www.pro-football-reference.com/players/H/HillSh00/gamelog"
"87","Christian Ponder","2011-2013",2011,2013,953,573,6034,36,33,3,"http://www.pro-football-reference.com/players/P/PondCh00.htm","http://www.pro-football-reference.com/players/P/PondCh00/gamelog"
"210","Jeff Kemp","1981-1991",1981,1991,953,497,6403,39,55,9,"http://www.pro-football-reference.com/players/K/KempJe00.htm","http://www.pro-football-reference.com/players/K/KempJe00/gamelog"
"187","J.P. Losman","2004-2011",2004,2011,952,564,6271,33,45,7,"http://www.pro-football-reference.com/players/L/LosmJ.00.htm","http://www.pro-football-reference.com/players/L/LosmJ.00/gamelog"
"264","Kelly Holcomb","1995-2007",1995,2007,952,600,6453,42,38,8,"http://www.pro-football-reference.com/players/H/HolcKe00.htm","http://www.pro-football-reference.com/players/H/HolcKe00/gamelog"
"10","Andrew Luck","2012-2013",2012,2013,945,521,6507,36,25,2,"http://www.pro-football-reference.com/players/L/LuckAn00.htm","http://www.pro-football-reference.com/players/L/LuckAn00/gamelog"
"453","Trent Edwards","2007-2012",2007,2012,929,563,6033,26,37,5,"http://www.pro-football-reference.com/players/E/EdwaTr01.htm","http://www.pro-football-reference.com/players/E/EdwaTr01/gamelog"
"185","Hugh Millen","1987-1995",1987,1995,928,560,6440,22,38,8,"http://www.pro-football-reference.com/players/M/MillHu00.htm","http://www.pro-football-reference.com/players/M/MillHu00/gamelog"
"124","Dennis Shaw","1970-1975",1970,1975,924,489,6347,35,48,5,"http://www.pro-football-reference.com/players/S/ShawDe00.htm","http://www.pro-football-reference.com/players/S/ShawDe00/gamelog"
"409","Steve Ramsey","1970-1976",1970,1976,921,456,6437,35,52,7,"http://www.pro-football-reference.com/players/R/RamsSt00.htm","http://www.pro-football-reference.com/players/R/RamsSt00/gamelog"
"339","Patrick Ramsey","2002-2008",2002,2008,914,512,5929,35,40,7,"http://www.pro-football-reference.com/players/R/RamsPa00.htm","http://www.pro-football-reference.com/players/R/RamsPa00/gamelog"
"5","Al Dorow","1960-1962",1960,1962,909,428,5732,47,32,3,"http://www.pro-football-reference.com/players/D/DoroAl00.htm","http://www.pro-football-reference.com/players/D/DoroAl00/gamelog"
"430","Todd Blackledge","1983-1989",1983,1989,902,436,5366,29,44,7,"http://www.pro-football-reference.com/players/B/BlacTo00.htm","http://www.pro-football-reference.com/players/B/BlacTo00/gamelog"
"237","Joe Pisarcik","1977-1984",1977,1984,898,425,5552,24,57,8,"http://www.pro-football-reference.com/players/P/PisaJo00.htm","http://www.pro-football-reference.com/players/P/PisaJo00/gamelog"
"412","Steve Tensi","1966-1970",1966,1970,862,369,5558,43,45,5,"http://www.pro-football-reference.com/players/T/TensSt00.htm","http://www.pro-football-reference.com/players/T/TensSt00/gamelog"
"391","Shane Matthews","1996-2004",1996,2004,856,500,4822,31,29,6,"http://www.pro-football-reference.com/players/M/MattSh00.htm","http://www.pro-football-reference.com/players/M/MattSh00/gamelog"
"191","Jack Thompson","1979-1984",1979,1984,846,450,5329,33,45,5,"http://www.pro-football-reference.com/players/T/ThomJa00.htm","http://www.pro-football-reference.com/players/T/ThomJa00/gamelog"
"134","Don Strock","1974-1988",1974,1988,844,483,5913,49,68,15,"http://www.pro-football-reference.com/players/S/StroDo00.htm","http://www.pro-football-reference.com/players/S/StroDo00/gamelog"
"193","Jacky Lee","1960-1969",1960,1969,838,430,6191,46,61,10,"http://www.pro-football-reference.com/players/L/LeexJa00.htm","http://www.pro-football-reference.com/players/L/LeexJa00/gamelog"
"393","Shaun King","1999-2004",1999,2004,830,460,5057,28,35,6,"http://www.pro-football-reference.com/players/K/KingSh00.htm","http://www.pro-football-reference.com/players/K/KingSh00/gamelog"
"361","Rob Johnson","1995-2003",1995,2003,829,505,5947,30,45,8,"http://www.pro-football-reference.com/players/J/JohnRo00.htm","http://www.pro-football-reference.com/players/J/JohnRo00/gamelog"
"300","Marty Domres","1969-1977",1969,1977,820,401,4913,28,62,9,"http://www.pro-football-reference.com/players/D/DomrMa00.htm","http://www.pro-football-reference.com/players/D/DomrMa00/gamelog"
"465","Virgil Carter","1968-1976",1968,1976,805,432,5127,29,45,7,"http://www.pro-football-reference.com/players/C/CartVi00.htm","http://www.pro-football-reference.com/players/C/CartVi00/gamelog"
"341","Paul McDonald","1980-1984",1980,1984,804,429,5550,25,35,5,"http://www.pro-football-reference.com/players/M/McDoPa00.htm","http://www.pro-football-reference.com/players/M/McDoPa00/gamelog"
"39","Bob Lee","1969-1980",1969,1980,797,401,5416,31,84,12,"http://www.pro-football-reference.com/players/L/LeexBo00.htm","http://www.pro-football-reference.com/players/L/LeexBo00/gamelog"
"168","Gary Huff","1973-1978",1973,1978,788,392,4329,16,40,5,"http://www.pro-football-reference.com/players/H/HuffGa00.htm","http://www.pro-football-reference.com/players/H/HuffGa00/gamelog"
"390","Seneca Wallace","2005-2013",2005,2013,783,463,4956,31,64,8,"http://www.pro-football-reference.com/players/W/WallSe00.htm","http://www.pro-football-reference.com/players/W/WallSe00/gamelog"
"343","Pete Liske","1964-1972",1964,1972,778,396,5170,30,42,5,"http://www.pro-football-reference.com/players/L/LiskPe00.htm","http://www.pro-football-reference.com/players/L/LiskPe00/gamelog"
"32","Blaine Gabbert","2011-2013",2011,2013,777,414,4357,22,28,3,"http://www.pro-football-reference.com/players/G/GabbBl00.htm","http://www.pro-football-reference.com/players/G/GabbBl00/gamelog"
"385","Scott Hunter","1971-1979",1971,1979,772,347,4906,23,55,6,"http://www.pro-football-reference.com/players/H/HuntSc00.htm","http://www.pro-football-reference.com/players/H/HuntSc00/gamelog"
"1","A.J. Feeley","2001-2011",2001,2011,762,425,4618,28,31,7,"http://www.pro-football-reference.com/players/F/FeelA.00.htm","http://www.pro-football-reference.com/players/F/FeelA.00/gamelog"
"432","Todd Collins","1995-2010",1995,2010,759,421,4820,24,54,12,"http://www.pro-football-reference.com/players/C/CollTo00.htm","http://www.pro-football-reference.com/players/C/CollTo00/gamelog"
"307","Matt Moore","2007-2012",2007,2012,758,448,5268,33,46,5,"http://www.pro-football-reference.com/players/M/MoorMa01.htm","http://www.pro-football-reference.com/players/M/MoorMa01/gamelog"
"274","Kevin Kolb","2007-2012",2007,2012,755,449,5206,28,32,6,"http://www.pro-football-reference.com/players/K/KolbKe00.htm","http://www.pro-football-reference.com/players/K/KolbKe00/gamelog"
"362","Robert Griffin III","2012-2013",2012,2013,749,473,5734,34,25,2,"http://www.pro-football-reference.com/players/G/GrifRo01.htm","http://www.pro-football-reference.com/players/G/GrifRo01/gamelog"
"376","Ryan Tannehill","2012-2013",2012,2013,745,437,5063,23,24,2,"http://www.pro-football-reference.com/players/T/TannRy00.htm","http://www.pro-football-reference.com/players/T/TannRy00/gamelog"
"126","Dick Shiner","1964-1974",1964,1974,736,354,4801,36,52,10,"http://www.pro-football-reference.com/players/S/ShinDi00.htm","http://www.pro-football-reference.com/players/S/ShinDi00/gamelog"
"121","David Klingler","1992-1997",1992,1997,718,389,3994,16,32,6,"http://www.pro-football-reference.com/players/K/KlinDa00.htm","http://www.pro-football-reference.com/players/K/KlinDa00/gamelog"
"51","Brandon Weeden","2012-2013",2012,2013,714,401,4537,19,21,2,"http://www.pro-football-reference.com/players/W/WeedBr00.htm","http://www.pro-football-reference.com/players/W/WeedBr00/gamelog"
"426","Tim Rattay","2000-2007",2000,2007,714,432,4853,31,36,8,"http://www.pro-football-reference.com/players/R/RattTi00.htm","http://www.pro-football-reference.com/players/R/RattTi00/gamelog"
"86","Chris Weinke","2001-2007",2001,2007,712,386,3901,15,30,5,"http://www.pro-football-reference.com/players/W/WeinCh00.htm","http://www.pro-football-reference.com/players/W/WeinCh00/gamelog"
"61","Bruce Gradkowski","2006-2012",2006,2012,709,375,4057,21,39,7,"http://www.pro-football-reference.com/players/G/GradBr00.htm","http://www.pro-football-reference.com/players/G/GradBr00/gamelog"
"337","Pat Ryan","1978-1991",1978,1991,708,396,4660,36,58,12,"http://www.pro-football-reference.com/players/R/RyanPa00.htm","http://www.pro-football-reference.com/players/R/RyanPa00/gamelog"
"90","Cliff Stoudt","1980-1988",1980,1988,704,369,4693,24,41,7,"http://www.pro-football-reference.com/players/S/StouCl00.htm","http://www.pro-football-reference.com/players/S/StouCl00/gamelog"
"93","Colt McCoy","2010-2013",2010,2013,703,410,4401,21,27,4,"http://www.pro-football-reference.com/players/M/McCoCo00.htm","http://www.pro-football-reference.com/players/M/McCoCo00/gamelog"
"66","Butch Songin","1960-1962",1960,1962,694,327,4347,38,29,3,"http://www.pro-football-reference.com/players/S/SongBu00.htm","http://www.pro-football-reference.com/players/S/SongBu00/gamelog"
"91","Cody Carlson","1988-1994",1988,1994,692,386,4634,23,45,7,"http://www.pro-football-reference.com/players/C/CarlCo00.htm","http://www.pro-football-reference.com/players/C/CarlCo00/gamelog"
"150","Eddie LeBaron","1960-1963",1960,1963,692,359,5331,45,45,4,"http://www.pro-football-reference.com/players/L/LeBaEd00.htm","http://www.pro-football-reference.com/players/L/LeBaEd00/gamelog"
"277","King Hill","1960-1969",1960,1969,691,346,4758,30,101,10,"http://www.pro-football-reference.com/players/H/HillKi00.htm","http://www.pro-football-reference.com/players/H/HillKi00/gamelog"
"45","Bobby Layne","1952-1962",1952,1962,688,340,5273,34,37,6,"http://www.pro-football-reference.com/players/L/LaynBo00.htm","http://www.pro-football-reference.com/players/L/LaynBo00/gamelog"
"370","Russell Wilson","2012-2013",2012,2013,686,435,5535,44,27,2,"http://www.pro-football-reference.com/players/W/WilsRu00.htm","http://www.pro-football-reference.com/players/W/WilsRu00/gamelog"
"197","JaMarcus Russell","2007-2009",2007,2009,680,354,4083,18,31,3,"http://www.pro-football-reference.com/players/R/RussJa00.htm","http://www.pro-football-reference.com/players/R/RussJa00/gamelog"
"80","Charlie Frye","2005-2009",2005,2009,677,419,4154,17,26,5,"http://www.pro-football-reference.com/players/F/FryeCh00.htm","http://www.pro-football-reference.com/players/F/FryeCh00/gamelog"
"117","David Archer","1984-1989",1984,1989,661,336,4337,18,34,6,"http://www.pro-football-reference.com/players/A/ArchDa00.htm","http://www.pro-football-reference.com/players/A/ArchDa00/gamelog"
"374","Ryan Leaf","1998-2001",1998,2001,655,317,3666,14,25,3,"http://www.pro-football-reference.com/players/L/LeafRy00.htm","http://www.pro-football-reference.com/players/L/LeafRy00/gamelog"
"272","Kent Nix","1967-1972",1967,1972,652,301,3644,23,41,6,"http://www.pro-football-reference.com/players/N/NixxKe00.htm","http://www.pro-football-reference.com/players/N/NixxKe00/gamelog"
"306","Matt Leinart","2006-2012",2006,2012,651,373,4126,15,34,6,"http://www.pro-football-reference.com/players/L/LeinMa00.htm","http://www.pro-football-reference.com/players/L/LeinMa00/gamelog"
"14","Anthony Wright","2000-2007",2000,2007,642,352,3804,21,34,6,"http://www.pro-football-reference.com/players/W/WrigAn00.htm","http://www.pro-football-reference.com/players/W/WrigAn00/gamelog"
"135","Don Trull","1964-1969",1964,1969,636,276,3980,30,55,6,"http://www.pro-football-reference.com/players/T/TrulDo00.htm","http://www.pro-football-reference.com/players/T/TrulDo00/gamelog"
"389","Sean Salisbury","1987-1996",1987,1996,621,332,4058,19,36,5,"http://www.pro-football-reference.com/players/S/SaliSe00.htm","http://www.pro-football-reference.com/players/S/SaliSe00/gamelog"
"252","Johnny Green","1960-1963",1960,1963,618,275,3921,26,26,4,"http://www.pro-football-reference.com/players/G/GreeJo00.htm","http://www.pro-football-reference.com/players/G/GreeJo00/gamelog"
"248","John Reaves","1972-1987",1972,1987,616,286,3617,17,49,9,"http://www.pro-football-reference.com/players/R/ReavJo00.htm","http://www.pro-football-reference.com/players/R/ReavJo00/gamelog"
"88","Chuck Long","1986-1991",1986,1991,608,331,3746,19,26,6,"http://www.pro-football-reference.com/players/L/LongCh00.htm","http://www.pro-football-reference.com/players/L/LongCh00/gamelog"
"250","John Skelton","2010-2012",2010,2012,602,320,3707,15,20,3,"http://www.pro-football-reference.com/players/S/SkelJo00.htm","http://www.pro-football-reference.com/players/S/SkelJo00/gamelog"
"184","Heath Shuler","1994-1997",1994,1997,593,292,3691,15,29,4,"http://www.pro-football-reference.com/players/S/ShulHe00.htm","http://www.pro-football-reference.com/players/S/ShulHe00/gamelog"
"260","Karl Sweetan","1966-1970",1966,1970,590,269,3210,17,31,5,"http://www.pro-football-reference.com/players/S/SweeKa00.htm","http://www.pro-football-reference.com/players/S/SweeKa00/gamelog"
"314","Mickey Slaughter","1963-1966",1963,1966,583,291,3607,22,32,4,"http://www.pro-football-reference.com/players/S/SlauMi00.htm","http://www.pro-football-reference.com/players/S/SlauMi00/gamelog"
"302","Matt Cavanaugh","1979-1990",1979,1990,581,306,4335,28,56,12,"http://www.pro-football-reference.com/players/C/CavaMa00.htm","http://www.pro-football-reference.com/players/C/CavaMa00/gamelog"
"30","Billy Volek","2001-2011",2001,2011,565,340,3802,27,39,9,"http://www.pro-football-reference.com/players/V/VoleBi00.htm","http://www.pro-football-reference.com/players/V/VoleBi00/gamelog"
"377","Sage Rosenfels","2002-2010",2002,2010,562,351,4156,30,31,8,"http://www.pro-football-reference.com/players/R/RoseSa00.htm","http://www.pro-football-reference.com/players/R/RoseSa00/gamelog"
"295","Mark Herrmann","1982-1992",1982,1992,561,334,4015,16,34,11,"http://www.pro-football-reference.com/players/H/HerrMa00.htm","http://www.pro-football-reference.com/players/H/HerrMa00/gamelog"
"99","Craig Whelihan","1997-1998",1997,1998,557,267,3160,14,19,2,"http://www.pro-football-reference.com/players/W/WhelCr00.htm","http://www.pro-football-reference.com/players/W/WhelCr00/gamelog"
"247","John McCormick","1962-1968",1962,1968,555,214,2895,17,39,5,"http://www.pro-football-reference.com/players/M/McCoJo00.htm","http://www.pro-football-reference.com/players/M/McCoJo00/gamelog"
"195","Jake Locker","2011-2013",2011,2013,554,318,3950,22,22,3,"http://www.pro-football-reference.com/players/L/LockJa00.htm","http://www.pro-football-reference.com/players/L/LockJa00/gamelog"
"428","Timm Rosenbach","1989-1992",1989,1992,551,295,3676,16,25,3,"http://www.pro-football-reference.com/players/R/RoseTi00.htm","http://www.pro-football-reference.com/players/R/RoseTi00/gamelog"
"50","Brady Quinn","2007-2012",2007,2012,550,296,3043,12,25,4,"http://www.pro-football-reference.com/players/Q/QuinBr00.htm","http://www.pro-football-reference.com/players/Q/QuinBr00/gamelog"
"85","Chris Simms","2004-2009",2004,2009,549,322,3315,12,23,5,"http://www.pro-football-reference.com/players/S/SimmCh00.htm","http://www.pro-football-reference.com/players/S/SimmCh00/gamelog"
"429","Tobin Rote","1957-1966",1957,1966,547,296,4489,37,33,4,"http://www.pro-football-reference.com/players/R/RoteTo00.htm","http://www.pro-football-reference.com/players/R/RoteTo00/gamelog"
"199","Jamie Martin","1996-2007",1996,2007,541,355,3814,20,52,9,"http://www.pro-football-reference.com/players/M/MartJa00.htm","http://www.pro-football-reference.com/players/M/MartJa00/gamelog"
"156","Eric Zeier","1995-2000",1995,2000,537,301,3520,16,24,6,"http://www.pro-football-reference.com/players/Z/ZeieEr00.htm","http://www.pro-football-reference.com/players/Z/ZeieEr00/gamelog"
"212","Jeff Rutledge","1979-1991",1979,1991,533,275,3625,16,40,11,"http://www.pro-football-reference.com/players/R/RutlJe00.htm","http://www.pro-football-reference.com/players/R/RutlJe00/gamelog"
"27","Billy Joe Hobert","1995-1999",1995,1999,531,278,3450,23,29,5,"http://www.pro-football-reference.com/players/H/HobeBi00.htm","http://www.pro-football-reference.com/players/H/HobeBi00/gamelog"
"140","Doug Pederson","1993-2004",1993,2004,523,286,2761,12,40,9,"http://www.pro-football-reference.com/players/P/PedeDo00.htm","http://www.pro-football-reference.com/players/P/PedeDo00/gamelog"
"308","Matt Robinson","1977-1982",1977,1982,523,244,3519,18,32,6,"http://www.pro-football-reference.com/players/R/RobiMa01.htm","http://www.pro-football-reference.com/players/R/RobiMa01/gamelog"
"179","Gifford Nielsen","1978-1983",1978,1983,522,286,3384,21,31,6,"http://www.pro-football-reference.com/players/N/NielGi00.htm","http://www.pro-football-reference.com/players/N/NielGi00/gamelog"
"316","Mike Boryla","1974-1978",1974,1978,519,272,2838,20,23,4,"http://www.pro-football-reference.com/players/B/BoryMi00.htm","http://www.pro-football-reference.com/players/B/BoryMi00/gamelog"
"68","Cade McNown","1999-2000",1999,2000,515,281,3111,16,25,2,"http://www.pro-football-reference.com/players/M/McNoCa00.htm","http://www.pro-football-reference.com/players/M/McNoCa00/gamelog"
"319","Mike McMahon","2001-2005",2001,2005,515,229,2867,15,27,5,"http://www.pro-football-reference.com/players/M/McMaMi00.htm","http://www.pro-football-reference.com/players/M/McMaMi00/gamelog"
"238","Joe Reed","1972-1979",1972,1979,513,225,2825,18,34,8,"http://www.pro-football-reference.com/players/R/ReedJo00.htm","http://www.pro-football-reference.com/players/R/ReedJo00/gamelog"
"460","Tyler Thigpen","2007-2012",2007,2012,509,275,3222,21,29,6,"http://www.pro-football-reference.com/players/T/ThigTy00.htm","http://www.pro-football-reference.com/players/T/ThigTy00/gamelog"
"442","Tom Tupa","1988-2004",1988,2004,505,259,3430,12,209,16,"http://www.pro-football-reference.com/players/T/TupaTo20.htm","http://www.pro-football-reference.com/players/T/TupaTo20/gamelog"
"457","Turk Schonert","1981-1989",1981,1989,505,311,3788,11,38,8,"http://www.pro-football-reference.com/players/S/SchoTu00.htm","http://www.pro-football-reference.com/players/S/SchoTu00/gamelog"
"6","Al Woodall","1969-1974",1969,1974,503,246,2970,18,31,5,"http://www.pro-football-reference.com/players/W/WoodAl00.htm","http://www.pro-football-reference.com/players/W/WoodAl00/gamelog"
"84","Chris Redman","2000-2011",2000,2011,502,286,3177,21,29,8,"http://www.pro-football-reference.com/players/R/RedmCh00.htm","http://www.pro-football-reference.com/players/R/RedmCh00/gamelog"
"92","Colin Kaepernick","2011-2013",2011,2013,501,301,4231,23,27,3,"http://www.pro-football-reference.com/players/K/KaepCo00.htm","http://www.pro-football-reference.com/players/K/KaepCo00/gamelog"
"46","Bobby Scott","1973-1981",1973,1981,500,237,2781,15,34,9,"http://www.pro-football-reference.com/players/S/ScotBo00.htm","http://www.pro-football-reference.com/players/S/ScotBo00/gamelog"
"8","Alex Van Pelt","1995-2003",1995,2003,487,266,3012,17,30,9,"http://www.pro-football-reference.com/players/V/VanPAl00.htm","http://www.pro-football-reference.com/players/V/VanPAl00/gamelog"
"37","Bob Gagliano","1982-1992",1982,1992,486,249,3431,17,30,6,"http://www.pro-football-reference.com/players/G/GaglBo00.htm","http://www.pro-football-reference.com/players/G/GaglBo00/gamelog"
"354","Ray Lucas","1997-2002",1997,2002,484,280,3039,18,37,6,"http://www.pro-football-reference.com/players/L/LucaRa00.htm","http://www.pro-football-reference.com/players/L/LucaRa00/gamelog"
"44","Bobby Hoying","1997-2000",1997,2000,472,252,2651,11,20,4,"http://www.pro-football-reference.com/players/H/HoyiBo00.htm","http://www.pro-football-reference.com/players/H/HoyiBo00/gamelog"
"106","Dan Orlovsky","2005-2012",2005,2012,472,276,2931,14,21,4,"http://www.pro-football-reference.com/players/O/OrloDa00.htm","http://www.pro-football-reference.com/players/O/OrloDa00/gamelog"
"131","Don Horn","1967-1973",1967,1973,465,232,3369,20,32,6,"http://www.pro-football-reference.com/players/H/HornDo00.htm","http://www.pro-football-reference.com/players/H/HornDo00/gamelog"
"371","Rusty Hilger","1985-1991",1985,1991,464,204,2584,11,22,5,"http://www.pro-football-reference.com/players/H/HilgRu00.htm","http://www.pro-football-reference.com/players/H/HilgRu00/gamelog"
"4","Akili Smith","1999-2002",1999,2002,461,215,2212,5,21,4,"http://www.pro-football-reference.com/players/S/SmitAk00.htm","http://www.pro-football-reference.com/players/S/SmitAk00/gamelog"
"147","Ed Luther","1980-1984",1980,1984,460,245,3187,12,26,5,"http://www.pro-football-reference.com/players/L/LuthEd00.htm","http://www.pro-football-reference.com/players/L/LuthEd00/gamelog"
"384","Scott Campbell","1984-1990",1984,1990,454,224,2983,19,28,5,"http://www.pro-football-reference.com/players/C/CampSc00.htm","http://www.pro-football-reference.com/players/C/CampSc00/gamelog"
"263","Kellen Clemens","2006-2013",2006,2013,448,233,2658,8,30,8,"http://www.pro-football-reference.com/players/C/ClemKe00.htm","http://www.pro-football-reference.com/players/C/ClemKe00/gamelog"
"421","Terry Hanratty","1969-1976",1969,1976,441,170,2567,24,46,8,"http://www.pro-football-reference.com/players/H/HanrTe00.htm","http://www.pro-football-reference.com/players/H/HanrTe00/gamelog"
"60","Browning Nagle","1991-1996",1991,1996,437,213,2489,8,23,5,"http://www.pro-football-reference.com/players/N/NaglBr00.htm","http://www.pro-football-reference.com/players/N/NaglBr00/gamelog"
"149","Edd Hargett","1969-1971",1969,1971,437,205,2727,11,26,3,"http://www.pro-football-reference.com/players/H/HargEd00.htm","http://www.pro-football-reference.com/players/H/HargEd00/gamelog"
"211","Jeff Komlo","1979-1983",1979,1983,437,218,2603,12,22,4,"http://www.pro-football-reference.com/players/K/KomlJe00.htm","http://www.pro-football-reference.com/players/K/KomlJe00/gamelog"
"265","Kelly Stouffer","1988-1992",1988,1992,437,225,2333,7,22,4,"http://www.pro-football-reference.com/players/S/StouKe00.htm","http://www.pro-football-reference.com/players/S/StouKe00/gamelog"
"320","Mike Moroski","1979-1986",1979,1986,425,241,2864,8,31,8,"http://www.pro-football-reference.com/players/M/MoroMi00.htm","http://www.pro-football-reference.com/players/M/MoroMi00/gamelog"
"128","Dieter Brock","1985-1985",1985,1985,418,234,2774,16,17,1,"http://www.pro-football-reference.com/players/B/BrocDi00.htm","http://www.pro-football-reference.com/players/B/BrocDi00/gamelog"
"75","Chad Hutchinson","2002-2004",2002,2004,413,220,2466,11,15,3,"http://www.pro-football-reference.com/players/H/HutcCh00.htm","http://www.pro-football-reference.com/players/H/HutcCh00/gamelog"
"334","Oliver Luck","1983-1986",1983,1986,413,233,2544,13,19,4,"http://www.pro-football-reference.com/players/L/LuckOl00.htm","http://www.pro-football-reference.com/players/L/LuckOl00/gamelog"
"267","Ken Dorsey","2004-2008",2004,2008,408,214,2082,8,17,5,"http://www.pro-football-reference.com/players/D/DorsKe00.htm","http://www.pro-football-reference.com/players/D/DorsKe00/gamelog"
"447","Tony Adams","1975-1987",1975,1987,408,212,2733,12,25,5,"http://www.pro-football-reference.com/players/A/AdamTo00.htm","http://www.pro-football-reference.com/players/A/AdamTo00/gamelog"
"427","Tim Tebow","2010-2012",2010,2012,407,192,2875,19,35,3,"http://www.pro-football-reference.com/players/T/TeboTi00.htm","http://www.pro-football-reference.com/players/T/TeboTi00/gamelog"
"171","Gary Wood","1964-1969",1964,1969,400,186,2575,14,40,6,"http://www.pro-football-reference.com/players/W/WoodGa00.htm","http://www.pro-football-reference.com/players/W/WoodGa00/gamelog"
"350","Ralph Guglielmi","1960-1963",1960,1963,394,202,2802,16,31,4,"http://www.pro-football-reference.com/players/G/GuglRa00.htm","http://www.pro-football-reference.com/players/G/GuglRa00/gamelog"
"396","Stan Gelbaugh","1989-1996",1989,1996,391,192,2100,10,20,6,"http://www.pro-football-reference.com/players/G/GelbSt00.htm","http://www.pro-football-reference.com/players/G/GelbSt00/gamelog"
"139","Doug Johnson","2000-2006",2000,2006,385,219,2614,13,27,6,"http://www.pro-football-reference.com/players/J/JohnDo00.htm","http://www.pro-football-reference.com/players/J/JohnDo00/gamelog"
"330","Nick Foles","2012-2013",2012,2013,383,235,2727,19,13,2,"http://www.pro-football-reference.com/players/F/FoleNi00.htm","http://www.pro-football-reference.com/players/F/FoleNi00/gamelog"
"180","Glenn Foley","1994-1999",1994,1999,382,207,2469,12,17,6,"http://www.pro-football-reference.com/players/F/FoleGl00.htm","http://www.pro-football-reference.com/players/F/FoleGl00/gamelog"
"360","Rick Norton","1966-1970",1966,1970,382,159,1815,7,22,5,"http://www.pro-football-reference.com/players/N/NortRi00.htm","http://www.pro-football-reference.com/players/N/NortRi00/gamelog"
"340","Paul Justin","1995-1999",1995,1999,381,221,2620,8,31,5,"http://www.pro-football-reference.com/players/J/JustPa00.htm","http://www.pro-football-reference.com/players/J/JustPa00/gamelog"
"89","Cleo Lemon","2005-2008",2005,2008,379,211,2185,8,16,4,"http://www.pro-football-reference.com/players/L/LemoCl00.htm","http://www.pro-football-reference.com/players/L/LemoCl00/gamelog"
"332","Norm Van Brocklin","1949-1960",1949,1960,379,199,3207,28,19,6,"http://www.pro-football-reference.com/players/V/VanBNo00.htm","http://www.pro-football-reference.com/players/V/VanBNo00/gamelog"
"136","Donald Hollas","1991-1998",1991,1998,375,202,2399,13,27,4,"http://www.pro-football-reference.com/players/H/HollDo00.htm","http://www.pro-football-reference.com/players/H/HollDo00/gamelog"
"439","Tom Owen","1974-1981",1974,1981,371,182,2444,15,26,6,"http://www.pro-football-reference.com/players/O/OwenTo00.htm","http://www.pro-football-reference.com/players/O/OwenTo00/gamelog"
"279","Koy Detmer","1998-2005",1998,2005,369,192,2035,10,43,8,"http://www.pro-football-reference.com/players/D/DetmKo00.htm","http://www.pro-football-reference.com/players/D/DetmKo00/gamelog"
"59","Brooks Bollinger","2004-2008",2004,2008,360,211,2226,9,21,5,"http://www.pro-football-reference.com/players/B/BollBr00.htm","http://www.pro-football-reference.com/players/B/BollBr00/gamelog"
"249","John Roach","1960-1964",1960,1964,357,160,2425,22,37,5,"http://www.pro-football-reference.com/players/R/RoacJo00.htm","http://www.pro-football-reference.com/players/R/RoacJo00/gamelog"
"177","George Shaw","1960-1962",1960,1962,356,171,2576,19,27,3,"http://www.pro-football-reference.com/players/S/ShawGe00.htm","http://www.pro-football-reference.com/players/S/ShawGe00/gamelog"
"110","Danny Wuerffel","1997-2002",1997,2002,350,184,2123,12,22,5,"http://www.pro-football-reference.com/players/W/WuerDa00.htm","http://www.pro-football-reference.com/players/W/WuerDa00/gamelog"
"176","George Mira","1964-1971",1964,1971,346,148,2110,19,39,7,"http://www.pro-football-reference.com/players/M/MiraGe00.htm","http://www.pro-football-reference.com/players/M/MiraGe00/gamelog"
"11","Andrew Walter","2005-2008",2005,2008,333,174,1919,3,16,4,"http://www.pro-football-reference.com/players/W/WaltAn00.htm","http://www.pro-football-reference.com/players/W/WaltAn00/gamelog"
"233","Joe Gilliam","1972-1975",1972,1975,333,147,2103,9,21,4,"http://www.pro-football-reference.com/players/G/GillJo00.htm","http://www.pro-football-reference.com/players/G/GillJo00/gamelog"
"79","Charlie Conerly","1950-1961",1950,1961,332,158,2373,19,24,6,"http://www.pro-football-reference.com/players/C/ConeCh00.htm","http://www.pro-football-reference.com/players/C/ConeCh00/gamelog"
"244","John Fourcade","1987-1990",1987,1990,331,164,2391,14,19,4,"http://www.pro-football-reference.com/players/F/FourJo00.htm","http://www.pro-football-reference.com/players/F/FourJo00/gamelog"
"26","Bill Troup","1976-1980",1976,1980,328,166,2047,10,22,4,"http://www.pro-football-reference.com/players/T/TrouBi00.htm","http://www.pro-football-reference.com/players/T/TrouBi00/gamelog"
"36","Bob Davis","1967-1973",1967,1973,324,137,1553,14,28,7,"http://www.pro-football-reference.com/players/D/DaviBo00.htm","http://www.pro-football-reference.com/players/D/DaviBo00/gamelog"
"285","Lamar McHan","1960-1963",1960,1963,322,129,2066,15,31,4,"http://www.pro-football-reference.com/players/M/McHaLa00.htm","http://www.pro-football-reference.com/players/M/McHaLa00/gamelog"
"438","Tom Hodson","1990-1995",1990,1995,320,174,1823,7,15,4,"http://www.pro-football-reference.com/players/H/HodsTo00.htm","http://www.pro-football-reference.com/players/H/HodsTo00/gamelog"
"58","Brodie Croyle","2006-2010",2006,2010,319,181,1669,8,19,5,"http://www.pro-football-reference.com/players/C/CroyBr00.htm","http://www.pro-football-reference.com/players/C/CroyBr00/gamelog"
"415","Stoney Case","1995-2000",1995,2000,318,163,1826,4,18,4,"http://www.pro-football-reference.com/players/C/CaseSt00.htm","http://www.pro-football-reference.com/players/C/CaseSt00/gamelog"
"169","Gary Kubiak","1983-1991",1983,1991,317,189,2132,14,45,9,"http://www.pro-football-reference.com/players/K/KubiGa00.htm","http://www.pro-football-reference.com/players/K/KubiGa00/gamelog"
"175","George Izo","1960-1966",1960,1966,317,132,1791,12,26,7,"http://www.pro-football-reference.com/players/I/IzoxGe00.htm","http://www.pro-football-reference.com/players/I/IzoxGe00/gamelog"
"289","Luke McCown","2004-2013",2004,2013,316,184,2035,9,29,8,"http://www.pro-football-reference.com/players/M/McCoLu00.htm","http://www.pro-football-reference.com/players/M/McCoLu00/gamelog"
"411","Steve Stenstrom","1996-1999",1996,1999,314,177,1895,4,17,4,"http://www.pro-football-reference.com/players/S/StenSt00.htm","http://www.pro-football-reference.com/players/S/StenSt00/gamelog"
"251","John Stofa","1966-1970",1966,1970,312,146,1758,12,21,5,"http://www.pro-football-reference.com/players/S/StofJo00.htm","http://www.pro-football-reference.com/players/S/StofJo00/gamelog"
"62","Bruce Mathison","1983-1987",1983,1987,309,152,2177,7,15,4,"http://www.pro-football-reference.com/players/M/MathBr00.htm","http://www.pro-football-reference.com/players/M/MathBr00/gamelog"
"379","Sam Etcheverry","1961-1962",1961,1962,302,154,1982,16,26,2,"http://www.pro-football-reference.com/players/E/EtchSa00.htm","http://www.pro-football-reference.com/players/E/EtchSa00/gamelog"
"335","Otto Graham","1946-1955",1946,1955,300,159,2101,14,12,10,"http://www.pro-football-reference.com/players/G/GrahOt00.htm","http://www.pro-football-reference.com/players/G/GrahOt00/gamelog"
"229","Jimmy Clausen","2010-2010",2010,2010,299,157,1558,3,13,1,"http://www.pro-football-reference.com/players/C/ClauJi00.htm","http://www.pro-football-reference.com/players/C/ClauJi00/gamelog"
"163","Gale Gilbert","1985-1995",1985,1995,297,167,1763,9,24,5,"http://www.pro-football-reference.com/players/G/GilbGa00.htm","http://www.pro-football-reference.com/players/G/GilbGa00/gamelog"
"201","Jason Garrett","1993-2000",1993,2000,297,168,2039,11,27,8,"http://www.pro-football-reference.com/players/G/GarrJa00.htm","http://www.pro-football-reference.com/players/G/GarrJa00/gamelog"
"102","Dan Darragh","1968-1970",1968,1970,296,127,1353,4,17,3,"http://www.pro-football-reference.com/players/D/DarrDa00.htm","http://www.pro-football-reference.com/players/D/DarrDa00/gamelog"
"388","Scott Zolak","1992-1999",1992,1999,294,146,1507,8,29,8,"http://www.pro-football-reference.com/players/Z/ZolaSc00.htm","http://www.pro-football-reference.com/players/Z/ZolaSc00/gamelog"
"170","Gary Marangi","1974-1976",1974,1976,283,104,1373,12,18,3,"http://www.pro-football-reference.com/players/M/MaraGa00.htm","http://www.pro-football-reference.com/players/M/MaraGa00/gamelog"
"214","Jerry Rhome","1965-1971",1965,1971,282,141,1663,7,28,6,"http://www.pro-football-reference.com/players/R/RhomJe00.htm","http://www.pro-football-reference.com/players/R/RhomJe00/gamelog"
"215","Jerry Tagge","1972-1974",1972,1974,281,136,1583,3,17,3,"http://www.pro-football-reference.com/players/T/TaggJe00.htm","http://www.pro-football-reference.com/players/T/TaggJe00/gamelog"
"333","Norris Weese","1976-1979",1976,1979,277,155,2027,7,38,4,"http://www.pro-football-reference.com/players/W/WeesNo00.htm","http://www.pro-football-reference.com/players/W/WeesNo00/gamelog"
"100","Curtis Painter","2009-2013",2009,2013,275,142,1640,6,12,3,"http://www.pro-football-reference.com/players/P/PainCu00.htm","http://www.pro-football-reference.com/players/P/PainCu00/gamelog"
"172","Geno  Smith","2013-2013",2013,2013,272,158,1997,8,9,1,"http://www.pro-football-reference.com/players/S/SmitGe00.htm","http://www.pro-football-reference.com/players/S/SmitGe00/gamelog"
"276","Kim McQuilken","1974-1979",1974,1979,272,108,1135,4,22,5,"http://www.pro-football-reference.com/players/M/McQuKi00.htm","http://www.pro-football-reference.com/players/M/McQuKi00/gamelog"
"431","Todd Bouman","2001-2010",2001,2010,264,147,1905,13,27,6,"http://www.pro-football-reference.com/players/B/BoumTo00.htm","http://www.pro-football-reference.com/players/B/BoumTo00/gamelog"
"323","Mike Rae","1976-1979",1976,1979,262,126,1578,12,25,4,"http://www.pro-football-reference.com/players/R/RaexMi00.htm","http://www.pro-football-reference.com/players/R/RaexMi00/gamelog"
"422","Terry Nofsinger","1961-1967",1961,1967,260,118,1357,4,22,6,"http://www.pro-football-reference.com/players/N/NofsTe00.htm","http://www.pro-football-reference.com/players/N/NofsTe00/gamelog"
"188","J.T. O'Sullivan","2004-2009",2004,2009,257,145,1866,9,19,4,"http://www.pro-football-reference.com/players/O/OSulJ.00.htm","http://www.pro-football-reference.com/players/O/OSulJ.00/gamelog"
"368","Ron Vander Kelen","1963-1967",1963,1967,252,107,1375,6,25,5,"http://www.pro-football-reference.com/players/V/VandRo00.htm","http://www.pro-football-reference.com/players/V/VandRo00/gamelog"
"468","Warren Rabb","1961-1962",1961,1962,251,101,1782,15,17,2,"http://www.pro-football-reference.com/players/R/RabbWa00.htm","http://www.pro-football-reference.com/players/R/RabbWa00/gamelog"
"241","John Beck","2007-2011",2007,2011,239,140,1417,3,9,2,"http://www.pro-football-reference.com/players/B/BeckJo00.htm","http://www.pro-football-reference.com/players/B/BeckJo00/gamelog"
"456","Troy Smith","2007-2010",2007,2010,235,121,1736,8,22,4,"http://www.pro-football-reference.com/players/S/SmitTr02.htm","http://www.pro-football-reference.com/players/S/SmitTr02/gamelog"
"174","George Herring","1960-1961",1960,1961,233,102,1297,5,28,2,"http://www.pro-football-reference.com/players/H/HerrGe00.htm","http://www.pro-football-reference.com/players/H/HerrGe00/gamelog"
"419","Terrelle Pryor","2011-2013",2011,2013,228,135,1592,7,12,3,"http://www.pro-football-reference.com/players/P/PryoTe00.htm","http://www.pro-football-reference.com/players/P/PryoTe00/gamelog"
"433","Todd Marinovich","1991-1992",1991,1992,228,116,1485,8,9,2,"http://www.pro-football-reference.com/players/M/MariTo00.htm","http://www.pro-football-reference.com/players/M/MariTo00/gamelog"
"441","Tom Sherman","1968-1969",1968,1969,228,92,1219,13,13,2,"http://www.pro-football-reference.com/players/S/SherTo00.htm","http://www.pro-football-reference.com/players/S/SherTo00/gamelog"
"255","Jonathan Quinn","1998-2004",1998,2004,223,117,1161,4,14,5,"http://www.pro-football-reference.com/players/Q/QuinJo00.htm","http://www.pro-football-reference.com/players/Q/QuinJo00/gamelog"
"380","Sam Wyche","1968-1976",1968,1976,223,117,1777,12,20,6,"http://www.pro-football-reference.com/players/W/WychSa00.htm","http://www.pro-football-reference.com/players/W/WychSa00/gamelog"
"417","T.J. Yates","2011-2013",2011,2013,221,129,1443,4,15,3,"http://www.pro-football-reference.com/players/Y/YateT.00.htm","http://www.pro-football-reference.com/players/Y/YateT.00/gamelog"
"338","Pat Sullivan","1972-1975",1972,1975,220,93,1155,5,18,4,"http://www.pro-football-reference.com/players/S/SullPa00.htm","http://www.pro-football-reference.com/players/S/SullPa00/gamelog"
"216","Jesse Lee Freitas","1974-1975",1974,1975,219,98,1244,8,13,2,"http://www.pro-football-reference.com/players/F/FreiJe00.htm","http://www.pro-football-reference.com/players/F/FreiJe00/gamelog"
"213","Jerry Golsteyn","1977-1983",1977,1983,217,92,1077,2,18,5,"http://www.pro-football-reference.com/players/G/GolsJe00.htm","http://www.pro-football-reference.com/players/G/GolsJe00/gamelog"
"291","M.C. Reynolds","1960-1962",1960,1962,216,98,1181,2,16,3,"http://www.pro-football-reference.com/players/R/ReynM.00.htm","http://www.pro-football-reference.com/players/R/ReynM.00/gamelog"
"440","Tom Ramsey","1986-1989",1986,1989,214,108,1285,7,15,4,"http://www.pro-football-reference.com/players/R/RamsTo00.htm","http://www.pro-football-reference.com/players/R/RamsTo00/gamelog"
"443","Tom Yewcic","1961-1966",1961,1966,214,90,1413,12,76,6,"http://www.pro-football-reference.com/players/Y/YewcTo00.htm","http://www.pro-football-reference.com/players/Y/YewcTo00/gamelog"
"17","Babe Laufenberg","1988-1990",1988,1990,211,93,1057,5,12,2,"http://www.pro-football-reference.com/players/L/LaufBa00.htm","http://www.pro-football-reference.com/players/L/LaufBa00/gamelog"
"315","Mike  Glennon","2013-2013",2013,2013,204,123,1165,8,5,1,"http://www.pro-football-reference.com/players/G/GlenMi00.htm","http://www.pro-football-reference.com/players/G/GlenMi00/gamelog"
"358","Rick Arrington","1970-1972",1970,1972,204,97,950,3,16,3,"http://www.pro-football-reference.com/players/A/ArriRi00.htm","http://www.pro-football-reference.com/players/A/ArriRi00/gamelog"
"387","Scott Secules","1989-1993",1989,1993,204,108,1311,4,18,4,"http://www.pro-football-reference.com/players/S/SecuSc00.htm","http://www.pro-football-reference.com/players/S/SecuSc00/gamelog"
"16","Art Schlichter","1982-1985",1982,1985,202,91,1006,3,13,3,"http://www.pro-football-reference.com/players/S/SchlAr00.htm","http://www.pro-football-reference.com/players/S/SchlAr00/gamelog"
"305","Matt Kofler","1982-1985",1982,1985,202,91,1156,7,24,4,"http://www.pro-football-reference.com/players/K/KoflMa00.htm","http://www.pro-football-reference.com/players/K/KoflMa00/gamelog"
"181","Greg Cook","1969-1973",1969,1973,200,107,1865,15,12,2,"http://www.pro-football-reference.com/players/C/CookGr00.htm","http://www.pro-football-reference.com/players/C/CookGr00/gamelog"
"416","T.J. Rubley","1993-1995",1993,1995,195,112,1377,8,10,2,"http://www.pro-football-reference.com/players/R/RublTJ00.htm","http://www.pro-football-reference.com/players/R/RublTJ00/gamelog"
"13","Anthony Dilweg","1989-1990",1989,1990,193,102,1274,8,9,2,"http://www.pro-football-reference.com/players/D/DilwAn00.htm","http://www.pro-football-reference.com/players/D/DilwAn00/gamelog"
"33","Blair Kiel","1986-1991",1986,1991,193,108,1296,8,11,4,"http://www.pro-football-reference.com/players/K/KielBl00.htm","http://www.pro-football-reference.com/players/K/KielBl00/gamelog"
"383","Scott Bull","1976-1978",1976,1978,193,76,992,3,17,3,"http://www.pro-football-reference.com/players/B/BullSc00.htm","http://www.pro-football-reference.com/players/B/BullSc00/gamelog"
"55","Brian Hoyer","2009-2013",2009,2013,192,114,1231,7,17,5,"http://www.pro-football-reference.com/players/H/HoyeBr00.htm","http://www.pro-football-reference.com/players/H/HoyeBr00/gamelog"
"349","Quinn Gray","2005-2008",2005,2008,188,108,1328,13,13,4,"http://www.pro-football-reference.com/players/G/GrayQu00.htm","http://www.pro-football-reference.com/players/G/GrayQu00/gamelog"
"144","Drew Stanton","2008-2010",2008,2010,187,104,1158,5,12,3,"http://www.pro-football-reference.com/players/S/StanDr00.htm","http://www.pro-football-reference.com/players/S/StanDr00/gamelog"
"151","Eddie Wilson","1962-1965",1962,1965,186,90,1443,5,33,4,"http://www.pro-football-reference.com/players/W/WilsEd00.htm","http://www.pro-football-reference.com/players/W/WilsEd00/gamelog"
"64","Bucky Richardson","1992-1994",1992,1994,185,97,1257,6,9,3,"http://www.pro-football-reference.com/players/R/RichBu00.htm","http://www.pro-football-reference.com/players/R/RichBu00/gamelog"
"129","Don Breaux","1963-1965",1963,1965,183,93,1363,9,15,2,"http://www.pro-football-reference.com/players/B/BreaDo00.htm","http://www.pro-football-reference.com/players/B/BreaDo00/gamelog"
"344","Peter Tom Willis","1990-1993",1990,1993,183,104,1261,6,15,4,"http://www.pro-football-reference.com/players/W/WillPe00.htm","http://www.pro-football-reference.com/players/W/WillPe00/gamelog"
"366","Ron C. Smith","1966-1966",1966,1966,181,79,1249,8,9,1,"http://www.pro-football-reference.com/players/S/SmitRo03.htm","http://www.pro-football-reference.com/players/S/SmitRo03/gamelog"
"257","Josh Johnson","2009-2013",2009,2013,177,96,1042,5,23,5,"http://www.pro-football-reference.com/players/J/JohnJo05.htm","http://www.pro-football-reference.com/players/J/JohnJo05/gamelog"
"425","Tim Hasselbeck","2003-2007",2003,2007,177,95,1012,5,13,3,"http://www.pro-football-reference.com/players/H/HassTi00.htm","http://www.pro-football-reference.com/players/H/HassTi00/gamelog"
"303","Matt Flynn","2008-2013",2008,2013,176,109,1328,10,25,6,"http://www.pro-football-reference.com/players/F/FlynMa00.htm","http://www.pro-football-reference.com/players/F/FlynMa00/gamelog"
"65","Buddy Humphrey","1960-1966",1960,1966,175,87,1094,4,18,6,"http://www.pro-football-reference.com/players/H/HumpBu00.htm","http://www.pro-football-reference.com/players/H/HumpBu00/gamelog"
"450","Tony Graziani","1997-1999",1997,1999,174,85,999,2,17,3,"http://www.pro-football-reference.com/players/G/GrazTo00.htm","http://www.pro-football-reference.com/players/G/GrazTo00/gamelog"
"287","Lee Grosscup","1960-1962",1960,1962,173,73,1086,10,15,3,"http://www.pro-football-reference.com/players/G/GrosLe00.htm","http://www.pro-football-reference.com/players/G/GrosLe00/gamelog"
"434","Todd Philcox","1990-1997",1990,1997,173,85,1138,7,13,5,"http://www.pro-football-reference.com/players/P/PhilTo00.htm","http://www.pro-football-reference.com/players/P/PhilTo00/gamelog"
"375","Ryan Lindley","2012-2012",2012,2012,171,89,752,0,7,1,"http://www.pro-football-reference.com/players/L/LindRy00.htm","http://www.pro-football-reference.com/players/L/LindRy00/gamelog"
"9","Andre Ware","1990-1993",1990,1993,170,87,1127,5,16,4,"http://www.pro-football-reference.com/players/W/WareAn00.htm","http://www.pro-football-reference.com/players/W/WareAn00/gamelog"
"259","June Jones","1977-1981",1977,1981,166,75,923,3,14,4,"http://www.pro-football-reference.com/players/J/JoneJu00.htm","http://www.pro-football-reference.com/players/J/JoneJu00/gamelog"
"312","Max Choboian","1966-1966",1966,1966,163,82,1110,4,7,1,"http://www.pro-football-reference.com/players/C/ChobMa00.htm","http://www.pro-football-reference.com/players/C/ChobMa00/gamelog"
"299","Mark Vlasic","1987-1991",1987,1991,162,84,886,5,12,4,"http://www.pro-football-reference.com/players/V/VlasMa00.htm","http://www.pro-football-reference.com/players/V/VlasMa00/gamelog"
"186","Hunter Enis","1960-1962",1960,1962,160,80,947,4,22,3,"http://www.pro-football-reference.com/players/E/EnisHu00.htm","http://www.pro-football-reference.com/players/E/EnisHu00/gamelog"
"317","Mike Kruczek","1976-1980",1976,1980,160,98,1229,0,32,5,"http://www.pro-football-reference.com/players/K/KrucMi00.htm","http://www.pro-football-reference.com/players/K/KrucMi00/gamelog"
"406","Steve Myer","1977-1979",1977,1979,160,83,851,6,12,3,"http://www.pro-football-reference.com/players/M/MyerSt00.htm","http://www.pro-football-reference.com/players/M/MyerSt00/gamelog"
"446","Tommy O'Connell","1957-1961",1957,1961,158,70,1105,7,13,3,"http://www.pro-football-reference.com/players/O/OConTo00.htm","http://www.pro-football-reference.com/players/O/OConTo00/gamelog"
"115","Dave Mays","1976-1978",1976,1978,156,80,937,7,12,3,"http://www.pro-football-reference.com/players/M/MaysDa00.htm","http://www.pro-football-reference.com/players/M/MaysDa00/gamelog"
"227","Jim Sorgi","2004-2008",2004,2008,156,99,929,6,16,5,"http://www.pro-football-reference.com/players/S/SorgJi00.htm","http://www.pro-football-reference.com/players/S/SorgJi00/gamelog"
"81","Charlie Whitehurst","2006-2013",2006,2013,154,83,802,3,13,4,"http://www.pro-football-reference.com/players/W/WhitCh02.htm","http://www.pro-football-reference.com/players/W/WhitCh02/gamelog"
"395","Spergon Wynn","2000-2001",2000,2001,152,70,585,1,10,2,"http://www.pro-football-reference.com/players/W/WynnSp00.htm","http://www.pro-football-reference.com/players/W/WynnSp00/gamelog"
"152","EJ  Manuel","2013-2013",2013,2013,150,85,985,5,5,1,"http://www.pro-football-reference.com/players/M/ManuEJ00.htm","http://www.pro-football-reference.com/players/M/ManuEJ00/gamelog"
"164","Galen Hall","1962-1963",1962,1963,150,64,885,5,9,2,"http://www.pro-football-reference.com/players/H/HallGa00.htm","http://www.pro-football-reference.com/players/H/HallGa00/gamelog"
"230","Joe Dufek","1984-1984",1984,1984,150,74,829,4,5,1,"http://www.pro-football-reference.com/players/D/DufeJo00.htm","http://www.pro-football-reference.com/players/D/DufeJo00/gamelog"
"105","Dan McGwire","1991-1995",1991,1995,149,75,755,2,13,5,"http://www.pro-football-reference.com/players/M/McGwDa00.htm","http://www.pro-football-reference.com/players/M/McGwDa00/gamelog"
"408","Steve Pisarkiewicz","1978-1980",1978,1980,143,64,804,3,10,3,"http://www.pro-football-reference.com/players/P/PisaSt00.htm","http://www.pro-football-reference.com/players/P/PisaSt00/gamelog"
"158","Erik Wilhelm","1989-1996",1989,1996,141,78,924,5,20,5,"http://www.pro-football-reference.com/players/W/WilhEr00.htm","http://www.pro-football-reference.com/players/W/WilhEr00/gamelog"
"459","Tyler Palko","2010-2011",2010,2011,140,84,831,2,8,2,"http://www.pro-football-reference.com/players/P/PalkTy00.htm","http://www.pro-football-reference.com/players/P/PalkTy00/gamelog"
"120","David Humm","1975-1984",1975,1984,137,63,753,3,22,8,"http://www.pro-football-reference.com/players/H/HummDa00.htm","http://www.pro-football-reference.com/players/H/HummDa00/gamelog"
"49","Brad Smith","2006-2013",2006,2013,136,5,1011,4,113,8,"http://www.pro-football-reference.com/players/S/SmitBr01.htm","http://www.pro-football-reference.com/players/S/SmitBr01/gamelog"
"69","Caleb Hanie","2009-2011",2009,2011,136,72,832,4,11,3,"http://www.pro-football-reference.com/players/H/HaniCa00.htm","http://www.pro-football-reference.com/players/H/HaniCa00/gamelog"
"52","Brent Pease","1987-1988",1987,1988,135,62,792,3,11,2,"http://www.pro-football-reference.com/players/P/PeasBr00.htm","http://www.pro-football-reference.com/players/P/PeasBr00/gamelog"
"423","Thaddeus Lewis","2012-2013",2012,2013,135,84,856,4,4,2,"http://www.pro-football-reference.com/players/L/LewiTh01.htm","http://www.pro-football-reference.com/players/L/LewiTh01/gamelog"
"283","Kyle Mackey","1987-1989",1987,1989,134,68,729,3,6,2,"http://www.pro-football-reference.com/players/M/MackKy00.htm","http://www.pro-football-reference.com/players/M/MackKy00/gamelog"
"96","Craig Krenzel","2004-2004",2004,2004,127,59,718,3,6,1,"http://www.pro-football-reference.com/players/K/KrenCr00.htm","http://www.pro-football-reference.com/players/K/KrenCr00/gamelog"
"40","Bob Waterfield","1945-1952",1945,1952,125,63,965,6,6,5,"http://www.pro-football-reference.com/players/W/WateBo01.htm","http://www.pro-football-reference.com/players/W/WateBo01/gamelog"
"41","Bob Waters","1960-1963",1960,1963,124,59,707,3,20,4,"http://www.pro-football-reference.com/players/W/WateBo00.htm","http://www.pro-football-reference.com/players/W/WateBo00/gamelog"
"470","Will Furrer","1992-1995",1992,1995,124,57,572,2,9,2,"http://www.pro-football-reference.com/players/F/FurrWi00.htm","http://www.pro-football-reference.com/players/F/FurrWi00/gamelog"
"73","Casey Weldon","1993-1999",1993,1999,120,60,713,1,16,5,"http://www.pro-football-reference.com/players/W/WeldCa00.htm","http://www.pro-football-reference.com/players/W/WeldCa00/gamelog"
"217","Jesse Palmer","2002-2003",2002,2003,120,63,562,3,6,2,"http://www.pro-football-reference.com/players/P/PalmJe00.htm","http://www.pro-football-reference.com/players/P/PalmJe00/gamelog"
"469","Wayne Clark","1970-1974",1970,1974,120,52,745,0,18,4,"http://www.pro-football-reference.com/players/C/ClarWa00.htm","http://www.pro-football-reference.com/players/C/ClarWa00/gamelog"
"262","Keith Null","2009-2009",2009,2009,119,73,566,3,4,1,"http://www.pro-football-reference.com/players/N/NullKe00.htm","http://www.pro-football-reference.com/players/N/NullKe00/gamelog"
"98","Craig Penrose","1976-1979",1976,1979,117,55,711,5,15,4,"http://www.pro-football-reference.com/players/P/PenrCr00.htm","http://www.pro-football-reference.com/players/P/PenrCr00/gamelog"
"372","Rusty Lisch","1980-1984",1980,1984,115,55,547,1,10,3,"http://www.pro-football-reference.com/players/L/LiscRu00.htm","http://www.pro-football-reference.com/players/L/LiscRu00/gamelog"
"206","Jeff Carlson","1990-1992",1990,1992,114,49,636,2,7,3,"http://www.pro-football-reference.com/players/C/CarlJe00.htm","http://www.pro-football-reference.com/players/C/CarlJe00/gamelog"
"268","Ken Karcher","1987-1988",1987,1988,114,62,756,6,4,2,"http://www.pro-football-reference.com/players/K/KarcKe00.htm","http://www.pro-football-reference.com/players/K/KarcKe00/gamelog"
"280","Kurt Kittner","2003-2003",2003,2003,114,44,391,2,6,1,"http://www.pro-football-reference.com/players/K/KittKu00.htm","http://www.pro-football-reference.com/players/K/KittKu00/gamelog"
"57","Brock Huard","2000-2003",2000,2003,112,64,706,4,9,3,"http://www.pro-football-reference.com/players/H/HuarBr00.htm","http://www.pro-football-reference.com/players/H/HuarBr00/gamelog"
"178","George Wilson","1966-1966",1966,1966,112,46,764,5,14,1,"http://www.pro-football-reference.com/players/W/WilsGe00.htm","http://www.pro-football-reference.com/players/W/WilsGe00/gamelog"
"286","Larry Rakestraw","1966-1968",1966,1968,111,51,589,4,11,3,"http://www.pro-football-reference.com/players/R/RakeLa00.htm","http://www.pro-football-reference.com/players/R/RakeLa00/gamelog"
"130","Don Heinrich","1956-1962",1956,1962,107,39,592,4,8,4,"http://www.pro-football-reference.com/players/H/HeinDo00.htm","http://www.pro-football-reference.com/players/H/HeinDo00/gamelog"
"275","Kevin Sweeney","1987-1988",1987,1988,106,47,605,7,5,2,"http://www.pro-football-reference.com/players/S/SweeKe00.htm","http://www.pro-football-reference.com/players/S/SweeKe00/gamelog"
"436","Tom Flick","1981-1986",1981,1986,106,47,506,2,11,4,"http://www.pro-football-reference.com/players/F/FlicTo00.htm","http://www.pro-football-reference.com/players/F/FlicTo00/gamelog"
"261","Kay Stephenson","1967-1968",1967,1968,105,40,481,6,12,2,"http://www.pro-football-reference.com/players/S/StepKa00.htm","http://www.pro-football-reference.com/players/S/StepKa00/gamelog"
"218","Jim Del Gaizo","1972-1974",1972,1974,103,44,648,4,14,3,"http://www.pro-football-reference.com/players/D/DelGJi00.htm","http://www.pro-football-reference.com/players/D/DelGJi00/gamelog"
"327","Moses Moreno","1998-2000",1998,2000,103,51,485,1,9,3,"http://www.pro-football-reference.com/players/M/MoreMo00.htm","http://www.pro-football-reference.com/players/M/MoreMo00/gamelog"
"148","Ed Rutkowski","1963-1968",1963,1968,102,41,425,0,67,6,"http://www.pro-football-reference.com/players/R/RutkEd00.htm","http://www.pro-football-reference.com/players/R/RutkEd00/gamelog"
"381","Sammy Baugh","1937-1945",1937,1945,102,58,831,7,6,5,"http://www.pro-football-reference.com/players/B/BaugSa00.htm","http://www.pro-football-reference.com/players/B/BaugSa00/gamelog"
"72","Cary Conklin","1992-1995",1992,1995,101,52,560,5,7,3,"http://www.pro-football-reference.com/players/C/ConkCa00.htm","http://www.pro-football-reference.com/players/C/ConkCa00/gamelog"
