"","PlayerID","PlayerName","PlayerTrueName","League","TeamName3","Season","GameIDFound","Source","Season.Type"
"1",1,"Howard","Howard, Josh","NBA","DAL","2006-2007","Season Start","Basketball Value","Regular Season"
"2",2,"Thomas","Thomas, Kurt","NBA","PHX","2006-2007","Season Start","Basketball Value","Regular Season"
"3",2,"K. Thomas","Thomas, Kurt","NBA","PHX","2006-2007","Season Start","Basketball Value","Regular Season"
"4",3,"Dampier","Dampier, Erick","NBA","DAL","2006-2007","Season Start","Basketball Value","Regular Season"
"5",4,"Marion","Marion, Shawn","NBA","PHX","2006-2007","Season Start","Basketball Value","Regular Season"
"6",5,"Nowitzki","Nowitzki, Dirk","NBA","DAL","2006-2007","Season Start","Basketball Value","Regular Season"
"7",6,"Terry","Terry, Jason","NBA","DAL","2006-2007","Season Start","Basketball Value","Regular Season"
"8",7,"R. Bell","Bell, Raja","NBA","PHX","2006-2007","Season Start","Basketball Value","Regular Season"
"9",7,"Bell","Bell, Raja","NBA","PHX","2006-2007","Season Start","Basketball Value","Regular Season"
"10",8,"Nash","Nash, Steve","NBA","PHX","2006-2007","Season Start","Basketball Value","Regular Season"
"11",9,"Christie","Christie, Doug","NBA","LAC","2006-2007","20070131CHILAC","Basketball Value","Regular Season"
"12",10,"Jones","Jones, James","NBA","PHX","2006-2007","20061031PHXLAL","Basketball Value","Regular Season"
"13",10,"Ja. Jones","Jones, James","NBA","PHX","2006-2007","Season Start","Basketball Value","Regular Season"
"14",10,"J. Jones","Jones, James","NBA","PHX","2006-2007","20061226PORPHX","Basketball Value","Regular Season"
"15",12,"Diaw","Diaw, Boris","NBA","PHX","2006-2007","Season Start","Basketball Value","Regular Season"
"16",14,"M. Daniels","Daniels, Marquis","NBA","IND","2006-2007","Season Start","Basketball Value","Regular Season"
"17",14,"Daniels","Daniels, Marquis","NBA","IND","2006-2007","Season Start","Basketball Value","Regular Season"
"18",15,"Harris","Harris, Devin","NBA","DAL","2006-2007","20061102SASDAL","Basketball Value","Regular Season"
"19",15,"D. Harris","Harris, Devin","NBA","DAL","2006-2007","Season Start","Basketball Value","Regular Season"
"20",16,"Barbosa","Barbosa, Leandro","NBA","PHX","2006-2007","Season Start","Basketball Value","Regular Season"
"21",17,"Diop","Diop, DeSagana","NBA","DAL","2006-2007","Season Start","Basketball Value","Regular Season"
"22",19,"Armstrong","Armstrong, Darrell","NBA","IND","2006-2007","Season Start","Basketball Value","Regular Season"
"23",20,"House","House, Eddie","NBA","NJN","2006-2007","Season Start","Basketball Value","Regular Season"
"24",21,"Martin","Martin, Kenyon","NBA","DEN","2006-2007","Season Start","Basketball Value","Regular Season"
"25",21,"K. Martin","Martin, Kenyon","NBA","DEN","2006-2007","Season Start","Basketball Value","Regular Season"
"26",22,"Nesterovic","Nesterovic, Rasho","NBA","TOR","2006-2007","Season Start","Basketball Value","Regular Season"
"27",23,"Camby","Camby, Marcus","NBA","DEN","2006-2007","Season Start","Basketball Value","Regular Season"
"28",24,"Ginobili","Ginobili, Manu","NBA","SAS","2006-2007","Season Start","Basketball Value","Regular Season"
"29",25,"Anthony","Anthony, Carmelo","NBA","DEN","2006-2007","Season Start","Basketball Value","Regular Season"
"30",26,"Duncan","Duncan, Tim","NBA","SAS","2006-2007","Season Start","Basketball Value","Regular Season"
"31",28,"Bowen","Bowen, Bruce","NBA","SAS","2006-2007","Season Start","Basketball Value","Regular Season"
"32",28,"B. Bowen","Bowen, Bruce","NBA","SAS","2006-2007","Season Start","Basketball Value","Regular Season"
"33",29,"Finley","Finley, Michael","NBA","SAS","2006-2007","Season Start","Basketball Value","Regular Season"
"34",30,"Parker","Parker, Tony","NBA","SAS","2006-2007","Season Start","Basketball Value","Regular Season"
"35",30,"W. Parker","Parker, Tony","NBA","SAS","2006-2007","20061105SASTOR","Basketball Value","Regular Season"
"36",30,"T. Parker","Parker, Tony","NBA","SAS","2006-2007","Season Start","Basketball Value","Regular Season"
"37",31,"A. Miller","Miller, Andre","NBA","DEN","2006-2007","Season Start","Basketball Value","Regular Season"
"38",31,"Miller","Miller, Andre","NBA","PHI","2006-2007","Transaction Li","Basketball Value","Regular Season"
"39",31,"Miller","Miller, Andre","NBA","DEN","2006-2007","Season Start","Basketball Value","Regular Season"
"40",31,"A. Miller","Miller, Andre","NBA","PHI","2006-2007","Transaction Li","Basketball Value","Regular Season"
"41",32,"Horry","Horry, Robert","NBA","SAS","2006-2007","Season Start","Basketball Value","Regular Season"
"42",33,"Barry","Barry, Brent","NBA","SAS","2006-2007","Season Start","Basketball Value","Regular Season"
"43",34,"Hilario","Hilario, Nene","NBA","DEN","2006-2007","20061102DENLAC","Basketball Value","Regular Season"
"44",34,"Nene","Hilario, Nene","NBA","DEN","2006-2007","Season Start","Basketball Value","Regular Season"
"45",35,"Boykins","Boykins, Earl","NBA","DEN","2006-2007","Season Start","Basketball Value","Regular Season"
"46",35,"Boykins","Boykins, Earl","NBA","MIL","2006-2007","20070112MILPHI","Basketball Value","Regular Season"
"47",36,"Najera","Najera, Eduardo","NBA","DEN","2006-2007","Season Start","Basketball Value","Regular Season"
"48",37,"Oberto","Oberto, Fabricio","NBA","SAS","2006-2007","Season Start","Basketball Value","Regular Season"
"49",39,"Buckner","Buckner, Greg","NBA","DAL","2006-2007","Season Start","Basketball Value","Regular Season"
"50",40,"Mohammed","Mohammed, Nazr","NBA","DET","2006-2007","Season Start","Basketball Value","Regular Season"
"51",41,"Johnson","Johnson, DerMarr","NBA","DEN","2006-2007","Season Start","Basketball Value","Regular Season"
"52",41,"D. Johnson","Johnson, DerMarr","NBA","DEN","2006-2007","Season Start","Basketball Value","Regular Season"
"53",42,"Elson","Elson, Francisco","NBA","SAS","2006-2007","Season Start","Basketball Value","Regular Season"
"54",44,"Webber","Webber, Chris","NBA","PHI","2006-2007","Season Start","Basketball Value","Regular Season"
"55",44,"Webber","Webber, Chris","NBA","DET","2006-2007","20070117UTADET","Basketball Value","Regular Season"
"56",45,"Redd","Redd, Michael","NBA","MIL","2006-2007","Season Start","Basketball Value","Regular Season"
"57",46,"Iverson","Iverson, Allen","NBA","DEN","2006-2007","Transaction Li","Basketball Value","Regular Season"
"58",46,"Iverson","Iverson, Allen","NBA","PHI","2006-2007","Season Start","Basketball Value","Regular Season"
"59",47,"T. Ford","Ford, T.J.","NBA","TOR","2006-2007","Season Start","Basketball Value","Regular Season"
"60",47,"Ford","Ford, T.J.","NBA","TOR","2006-2007","Season Start","Basketball Value","Regular Season"
"61",48,"Simmons","Simmons, Bobby","NBA","MIL","2006-2007","Season Start","Basketball Value","Regular Season"
"62",49,"Bogut","Bogut, Andrew","NBA","MIL","2006-2007","Season Start","Basketball Value","Regular Season"
"63",50,"Hunter","Hunter, Steven","NBA","PHI","2006-2007","Season Start","Basketball Value","Regular Season"
"64",50,"S. Hunter","Hunter, Steven","NBA","PHI","2006-2007","Season Start","Basketball Value","Regular Season"
"65",51,"Magloire","Magloire, Jamaal","NBA","POR","2006-2007","Season Start","Basketball Value","Regular Season"
"66",52,"Iguodala","Iguodala, Andre","NBA","PHI","2006-2007","Season Start","Basketball Value","Regular Season"
"67",54,"Korver","Korver, Kyle","NBA","PHI","2006-2007","Season Start","Basketball Value","Regular Season"
"68",55,"M. Williams","Williams, Mo","NBA","MIL","2006-2007","Season Start","Basketball Value","Regular Season"
"69",55,"Williams","Williams, Mo","NBA","MIL","2006-2007","Season Start","Basketball Value","Regular Season"
"70",56,"Gadzuric","Gadzuric, Dan","NBA","MIL","2006-2007","Season Start","Basketball Value","Regular Season"
"71",59,"Salmons","Salmons, John","NBA","SAC","2006-2007","Season Start","Basketball Value","Regular Season"
"72",60,"C. Bell","Bell, Charlie","NBA","MIL","2006-2007","Season Start","Basketball Value","Regular Season"
"73",60,"Bell","Bell, Charlie","NBA","MIL","2006-2007","Season Start","Basketball Value","Regular Season"
"74",61,"Ollie","Ollie, Kevin","NBA","PHI","2006-2007","Season Start","Basketball Value","Regular Season"
"75",62,"Wells","Wells, Bonzi","NBA","HOU","2006-2007","Season Start","Basketball Value","Regular Season"
"76",63,"E. Smith","Smith, J.R.","NBA","DEN","2006-2007","Season Start","Basketball Value","Regular Season"
"77",63,"Smith","Smith, J.R.","NBA","DEN","2006-2007","20061102DENLAC","Basketball Value","Regular Season"
"78",64,"Abdur-Rahim","Abdur-Rahim, Shareef","NBA","SAC","2006-2007","Season Start","Basketball Value","Regular Season"
"79",65,"B. Miller","Miller, Brad","NBA","SAC","2006-2007","Season Start","Basketball Value","Regular Season"
"80",65,"Miller","Miller, Brad","NBA","SAC","2006-2007","Season Start","Basketball Value","Regular Season"
"81",66,"C. Brown","Brown, Collier (P.J.)","NBA","CHI","2006-2007","20061119CHILAL","Basketball Value","Regular Season"
"82",66,"Brown","Brown, Collier (P.J.)","NBA","CHI","2006-2007","Season Start","Basketball Value","Regular Season"
"83",66,"P. Brown","Brown, Collier (P.J.)","NBA","CHI","2006-2007","Season Start","Basketball Value","Regular Season"
"84",67,"Stojakovic","Stojakovic, Peja","NBA","NOK","2006-2007","Season Start","Basketball Value","Regular Season"
"85",68,"Bibby","Bibby, Mike","NBA","SAC","2006-2007","Season Start","Basketball Value","Regular Season"
"86",68,"M. Bibby","Bibby, Mike","NBA","SAC","2006-2007","Season Start","Basketball Value","Regular Season"
"87",69,"West","West, David","NBA","NOK","2006-2007","Season Start","Basketball Value","Regular Season"
"88",69,"D. West","West, David","NBA","NOK","2006-2007","Season Start","Basketball Value","Regular Season"
"89",70,"Paul","Paul, Chris","NBA","NOK","2006-2007","Season Start","Basketball Value","Regular Season"
"90",71,"Nachbar","Nachbar, Bostjan","NBA","NJN","2006-2007","Season Start","Basketball Value","Regular Season"
"91",72,"Claxton","Claxton, Speedy","NBA","ATL","2006-2007","Season Start","Basketball Value","Regular Season"
"92",74,"Thomas","Thomas, Kenny","NBA","SAC","2006-2007","20061101SACMIN","Basketball Value","Regular Season"
"93",74,"K. Thomas","Thomas, Kenny","NBA","SAC","2006-2007","Season Start","Basketball Value","Regular Season"
"94",75,"Hart","Hart, Jason","NBA","LAC","2006-2007","20070305SASLAC","Basketball Value","Regular Season"
"95",75,"Hart","Hart, Jason","NBA","SAC","2006-2007","Season Start","Basketball Value","Regular Season"
"96",76,"R. Butler","Butler, Rasual","NBA","NOK","2006-2007","Season Start","Basketball Value","Regular Season"
"97",76,"Butler","Butler, Rasual","NBA","NOK","2006-2007","Season Start","Basketball Value","Regular Season"
"98",77,"K. Martin","Martin, Kevin","NBA","SAC","2006-2007","Season Start","Basketball Value","Regular Season"
"99",77,"Martin","Martin, Kevin","NBA","SAC","2006-2007","Season Start","Basketball Value","Regular Season"
"100",78,"Skinner","Skinner, Brian","NBA","MIL","2006-2007","Season Start","Basketball Value","Regular Season"
"101",79,"Mason","Mason, Desmond","NBA","NOK","2006-2007","Season Start","Basketball Value","Regular Season"
"102",80,"Garcia","Garcia, Francisco","NBA","SAC","2006-2007","Season Start","Basketball Value","Regular Season"
"103",82,"Williamson","Williamson, Corliss","NBA","SAC","2006-2007","Season Start","Basketball Value","Regular Season"
"104",83,"Bass","Bass, Brandon","NBA","NOK","2006-2007","Season Start","Basketball Value","Regular Season"
"105",85,"Price","Price, Ronnie","NBA","SAC","2006-2007","Season Start","Basketball Value","Regular Season"
"106",86,"JohnsonNotAlone","Johnson, Joe","NBA","ATL","2006-2007","Season Start","Basketball Value","Regular Season"
"107",86,"J. Johnson","Johnson, Joe","NBA","ATL","2006-2007","Season Start","Basketball Value","Regular Season"
"108",87,"Davis","Davis, Baron","NBA","GSW","2006-2007","Season Start","Basketball Value","Regular Season"
"109",87,"B. Davis","Davis, Baron","NBA","GSW","2006-2007","Season Start","Basketball Value","Regular Season"
"110",88,"Pachulia","Pachulia, Zaza","NBA","ATL","2006-2007","Season Start","Basketball Value","Regular Season"
"111",89,"Murphy","Murphy, Troy","NBA","IND","2006-2007","Transaction Li","Basketball Value","Regular Season"
"112",89,"Murphy","Murphy, Troy","NBA","GSW","2006-2007","Season Start","Basketball Value","Regular Season"
"113",90,"Richardson","Richardson, Jason","NBA","GSW","2006-2007","Season Start","Basketball Value","Regular Season"
"114",90,"J. Richardson","Richardson, Jason","NBA","GSW","2006-2007","Season Start","Basketball Value","Regular Season"
"115",91,"Childress","Childress, Josh","NBA","ATL","2006-2007","Season Start","Basketball Value","Regular Season"
"116",92,"Dunleavy","Dunleavy, Mike","NBA","GSW","2006-2007","Season Start","Basketball Value","Regular Season"
"117",92,"Dunleavy","Dunleavy, Mike","NBA","IND","2006-2007","Transaction Li","Basketball Value","Regular Season"
"118",92,"M. Dunleavy","Dunleavy, Mike","NBA","GSW","2006-2007","Season Start","Basketball Value","Regular Season"
"119",93,"Foyle","Foyle, Adonal","NBA","GSW","2006-2007","Season Start","Basketball Value","Regular Season"
"120",94,"Smith","Smith, Josh","NBA","ATL","2006-2007","20061101ATLPHI","Basketball Value","Regular Season"
"121",94,"J. Smith","Smith, Josh","NBA","ATL","2006-2007","Season Start","Basketball Value","Regular Season"
"122",95,"Harrington","Harrington, Al","NBA","IND","2006-2007","Season Start","Basketball Value","Regular Season"
"123",95,"Harrington","Harrington, Al","NBA","GSW","2006-2007","Transaction Li","Basketball Value","Regular Season"
"124",95,"A. Harrington","Harrington, Al","NBA","IND","2006-2007","Season Start","Basketball Value","Regular Season"
"125",96,"Lue","Lue, Tyronn","NBA","ATL","2006-2007","Season Start","Basketball Value","Regular Season"
"126",97,"M. Williams","Williams, Marvin","NBA","ATL","2006-2007","Season Start","Basketball Value","Regular Season"
"127",98,"Pietrus","Pietrus, Mickael","NBA","GSW","2006-2007","Season Start","Basketball Value","Regular Season"
"128",100,"Stoudamire","Stoudamire, Salim","NBA","ATL","2006-2007","Season Start","Basketball Value","Regular Season"
"129",100,"C. Stoudamire","Stoudamire, Salim","NBA","ATL","2006-2007","Season Start","Basketball Value","Regular Season"
"130",100,"S. Stoudamire","Stoudamire, Salim","NBA","ATL","2006-2007","Season Start","Basketball Value","Regular Season"
"131",101,"Biedrins","Biedrins, Andris","NBA","GSW","2006-2007","Season Start","Basketball Value","Regular Season"
"132",102,"Batista","Batista, Esteban","NBA","ATL","2006-2007","Season Start","Basketball Value","Regular Season"
"133",103,"Fisher","Fisher, Derek","NBA","UTA","2006-2007","Season Start","Basketball Value","Regular Season"
"134",107,"Cabarkapa","Cabarkapa, Zarko","NBA","GSW","2006-2007","Season Start","Basketball Value","Regular Season"
"135",109,"Ivey","Ivey, Royal","NBA","ATL","2006-2007","Season Start","Basketball Value","Regular Season"
"136",110,"Hinrich","Hinrich, Kirk","NBA","CHI","2006-2007","Season Start","Basketball Value","Regular Season"
"137",111,"G. Wallace","Wallace, Gerald","NBA","CHA","2006-2007","Season Start","Basketball Value","Regular Season"
"138",111,"Wallace","Wallace, Gerald","NBA","CHA","2006-2007","Season Start","Basketball Value","Regular Season"
"139",112,"Nocioni","Nocioni, Andres","NBA","CHI","2006-2007","Season Start","Basketball Value","Regular Season"
"140",113,"Duhon","Duhon, Chris","NBA","CHI","2006-2007","Season Start","Basketball Value","Regular Season"
"141",114,"Knight","Knight, Brevin","NBA","CHA","2006-2007","Season Start","Basketball Value","Regular Season"
"142",115,"Brezec","Brezec, Primoz","NBA","CHA","2006-2007","Season Start","Basketball Value","Regular Season"
"143",116,"Rush","Rush, Kareem","NBA","SEA","2006-2007","Season Start","Basketball Value","Regular Season"
"144",117,"Okafor","Okafor, Emeka","NBA","CHA","2006-2007","Season Start","Basketball Value","Regular Season"
"145",118,"Chandler","Chandler, Tyson","NBA","NOK","2006-2007","Season Start","Basketball Value","Regular Season"
"146",119,"Gordon","Gordon, Ben","NBA","CHI","2006-2007","Season Start","Basketball Value","Regular Season"
"147",120,"Sweetney","Sweetney, Michael","NBA","CHI","2006-2007","Season Start","Basketball Value","Regular Season"
"148",121,"Songaila","Songaila, Darius","NBA","WAS","2006-2007","Season Start","Basketball Value","Regular Season"
"149",122,"Deng","Deng, Luol","NBA","CHI","2006-2007","Season Start","Basketball Value","Regular Season"
"150",123,"Ely","Ely, Melvin","NBA","SAS","2006-2007","20070303SASHOU","Basketball Value","Regular Season"
"151",123,"Ely","Ely, Melvin","NBA","CHA","2006-2007","Season Start","Basketball Value","Regular Season"
"152",124,"O. Harrington","Harrington, Othella","NBA","CHA","2006-2007","Season Start","Basketball Value","Regular Season"
"153",124,"Harrington","Harrington, Othella","NBA","CHA","2006-2007","Season Start","Basketball Value","Regular Season"
"154",125,"Thomas","Thomas, Tim","NBA","LAC","2006-2007","20061102DENLAC","Basketball Value","Regular Season"
"155",125,"T. Thomas","Thomas, Tim","NBA","LAC","2006-2007","Season Start","Basketball Value","Regular Season"
"156",126,"Felton","Felton, Raymond","NBA","CHA","2006-2007","Season Start","Basketball Value","Regular Season"
"157",127,"May","May, Sean","NBA","CHA","2006-2007","Season Start","Basketball Value","Regular Season"
"158",128,"Carroll","Carroll, Matt","NBA","CHA","2006-2007","Season Start","Basketball Value","Regular Season"
"159",129,"JonesNotStarting","Jones, Jumaine","NBA","PHX","2006-2007","20061111MEMPHX","Basketball Value","Regular Season"
"160",129,"Ju. Jones","Jones, Jumaine","NBA","PHX","2006-2007","Season Start","Basketball Value","Regular Season"
"161",130,"M. Allen","Allen, Malik","NBA","CHI","2006-2007","Season Start","Basketball Value","Regular Season"
"162",130,"Allen","Allen, Malik","NBA","CHI","2006-2007","Season Start","Basketball Value","Regular Season"
"163",131,"Piatkowski","Piatkowski, Eric","NBA","PHX","2006-2007","Season Start","Basketball Value","Regular Season"
"164",132,"Okur","Okur, Mehmet","NBA","UTA","2006-2007","Season Start","Basketball Value","Regular Season"
"165",133,"Giricek","Giricek, Gordan","NBA","UTA","2006-2007","Season Start","Basketball Value","Regular Season"
"166",134,"McLeod","McLeod, Keith","NBA","IND","2006-2007","Transaction Li","Basketball Value","Regular Season"
"167",134,"McLeod","McLeod, Keith","NBA","GSW","2006-2007","Season Start","Basketball Value","Regular Season"
"168",136,"Kirilenko","Kirilenko, Andrei","NBA","UTA","2006-2007","Season Start","Basketball Value","Regular Season"
"169",137,"Collins","Collins, Jarron","NBA","UTA","2006-2007","Season Start","Basketball Value","Regular Season"
"170",137,"J. Collins","Collins, Jarron","NBA","UTA","2006-2007","Season Start","Basketball Value","Regular Season"
"171",138,"Harpring","Harpring, Matt","NBA","UTA","2006-2007","Season Start","Basketball Value","Regular Season"
"172",139,"D. Williams","Williams, Deron","NBA","UTA","2006-2007","Season Start","Basketball Value","Regular Season"
"173",139,"Williams","Williams, Deron","NBA","UTA","2006-2007","Season Start","Basketball Value","Regular Season"
"174",140,"Brown","Brown, Devin","NBA","NOK","2006-2007","Transaction Li","Basketball Value","Regular Season"
"175",140,"D. Brown","Brown, Devin","NBA","NOK","2006-2007","Transaction Li","Basketball Value","Regular Season"
"176",141,"Humphries","Humphries, Kris","NBA","TOR","2006-2007","Season Start","Basketball Value","Regular Season"
"177",143,"J. O'Neal","O'Neal, Jermaine","NBA","IND","2006-2007","Season Start","Basketball Value","Regular Season"
"178",143,"O'Neal","O'Neal, Jermaine","NBA","IND","2006-2007","Season Start","Basketball Value","Regular Season"
"179",144,"Battie","Battie, Tony","NBA","ORL","2006-2007","Season Start","Basketball Value","Regular Season"
"180",145,"Artest","Artest, Ron","NBA","SAC","2006-2007","Season Start","Basketball Value","Regular Season"
"181",146,"Francis","Francis, Steve","NBA","NYK","2006-2007","Season Start","Basketball Value","Regular Season"
"182",147,"S. Jackson","Jackson, Stephen","NBA","IND","2006-2007","Season Start","Basketball Value","Regular Season"
"183",147,"Jackson","Jackson, Stephen","NBA","IND","2006-2007","Season Start","Basketball Value","Regular Season"
"184",147,"Jackson","Jackson, Stephen","NBA","GSW","2006-2007","Transaction Li","Basketball Value","Regular Season"
"185",148,"Stevenson","Stevenson, DeShawn","NBA","WAS","2006-2007","Season Start","Basketball Value","Regular Season"
"186",149,"Howard","Howard, Dwight","NBA","ORL","2006-2007","Season Start","Basketball Value","Regular Season"
"187",149,"D. Howard","Howard, Dwight","NBA","ORL","2006-2007","Season Start","Basketball Value","Regular Season"
"188",150,"Croshere","Croshere, Austin","NBA","DAL","2006-2007","Season Start","Basketball Value","Regular Season"
"189",151,"Turkoglu","Turkoglu, Hedo","NBA","ORL","2006-2007","Season Start","Basketball Value","Regular Season"
"190",152,"Tinsley","Tinsley, Jamaal","NBA","IND","2006-2007","Season Start","Basketball Value","Regular Season"
"191",153,"Jasikevicius","Jasikevicius, Sarunas","NBA","GSW","2006-2007","Transaction Li","Basketball Value","Regular Season"
"192",153,"Jasikevicius","Jasikevicius, Sarunas","NBA","IND","2006-2007","Season Start","Basketball Value","Regular Season"
"193",154,"Jones","Jones, Fred","NBA","POR","2006-2007","20070226PORSEA","Basketball Value","Regular Season"
"194",154,"F. Jones","Jones, Fred","NBA","TOR","2006-2007","Season Start","Basketball Value","Regular Season"
"195",154,"Jones","Jones, Fred","NBA","TOR","2006-2007","Season Start","Basketball Value","Regular Season"
"196",155,"Granger","Granger, Danny","NBA","IND","2006-2007","Season Start","Basketball Value","Regular Season"
"197",156,"Outlaw","Outlaw, Bo","NBA","ORL","2006-2007","Season Start","Basketball Value","Regular Season"
"198",156,"B. Outlaw","Outlaw, Bo","NBA","ORL","2006-2007","Season Start","Basketball Value","Regular Season"
"199",158,"J. Nelson","Nelson, Jameer","NBA","ORL","2006-2007","Season Start","Basketball Value","Regular Season"
"200",158,"Nelson","Nelson, Jameer","NBA","ORL","2006-2007","Season Start","Basketball Value","Regular Season"
"201",159,"Harrison","Harrison, David","NBA","IND","2006-2007","Season Start","Basketball Value","Regular Season"
"202",160,"Cato","Cato, Kelvin","NBA","NYK","2006-2007","Season Start","Basketball Value","Regular Season"
"203",161,"Garrity","Garrity, Garrity","NBA","ORL","2006-2007","Season Start","Basketball Value","Regular Season"
"204",163,"R. Evans","Evans, Reggie","NBA","DEN","2006-2007","Season Start","Basketball Value","Regular Season"
"205",163,"Evans","Evans, Reggie","NBA","DEN","2006-2007","Season Start","Basketball Value","Regular Season"
"206",164,"Kaman","Kaman, Chris","NBA","LAC","2006-2007","Season Start","Basketball Value","Regular Season"
"207",165,"Cassell","Cassell, Sam","NBA","LAC","2006-2007","Season Start","Basketball Value","Regular Season"
"208",166,"Allen","Allen, Ray","NBA","SEA","2006-2007","Season Start","Basketball Value","Regular Season"
"209",166,"W. Allen","Allen, Ray","NBA","SEA","2006-2007","20061231BOSSEA","Basketball Value","Regular Season"
"210",166,"R. Allen","Allen, Ray","NBA","SEA","2006-2007","Season Start","Basketball Value","Regular Season"
"211",167,"Brand","Brand, Elton","NBA","LAC","2006-2007","Season Start","Basketball Value","Regular Season"
"212",168,"Petro","Petro, Johan","NBA","SEA","2006-2007","Season Start","Basketball Value","Regular Season"
"213",169,"Ross","Ross, Quinton","NBA","LAC","2006-2007","Season Start","Basketball Value","Regular Season"
"214",170,"Lewis","Lewis, Rashard","NBA","SEA","2006-2007","Season Start","Basketball Value","Regular Season"
"215",170,"R. Lewis","Lewis, Rashard","NBA","SEA","2006-2007","Season Start","Basketball Value","Regular Season"
"216",171,"Mobley","Mobley, Cuttino","NBA","LAC","2006-2007","Season Start","Basketball Value","Regular Season"
"217",172,"Collison","Collison, Nick","NBA","SEA","2006-2007","Season Start","Basketball Value","Regular Season"
"218",173,"Ridnour","Ridnour, Luke","NBA","SEA","2006-2007","Season Start","Basketball Value","Regular Season"
"219",174,"Murray","Murray, Ronald (Flip)","NBA","DET","2006-2007","Season Start","Basketball Value","Regular Season"
"220",174,"F. Murray","Murray, Ronald (Flip)","NBA","DET","2006-2007","Season Start","Basketball Value","Regular Season"
"221",175,"Fortson","Fortson, Danny","NBA","SEA","2006-2007","Season Start","Basketball Value","Regular Season"
"222",176,"Wilkins","Wilkins, Damien","NBA","SEA","2006-2007","Season Start","Basketball Value","Regular Season"
"223",177,"D. Ewing","Ewing, Daniel","NBA","LAC","2006-2007","Season Start","Basketball Value","Regular Season"
"224",177,"Ewing","Ewing, Daniel","NBA","LAC","2006-2007","Season Start","Basketball Value","Regular Season"
"225",178,"Singleton","Singleton, James","NBA","LAC","2006-2007","Season Start","Basketball Value","Regular Season"
"226",180,"Radmanovic","Radmanovic, Vladimir","NBA","LAL","2006-2007","Season Start","Basketball Value","Regular Season"
"227",181,"Wilcox","Wilcox, Chris","NBA","SEA","2006-2007","Season Start","Basketball Value","Regular Season"
"228",183,"Rebraca","Rebraca, Zeljko","NBA","LAC","2006-2007","Season Start","Basketball Value","Regular Season"
"229",185,"Parker","Parker, William (Smush)","NBA","LAL","2006-2007","Season Start","Basketball Value","Regular Season"
"230",185,"W. Parker","Parker, William (Smush)","NBA","LAL","2006-2007","20061117TORLAL","Basketball Value","Regular Season"
"231",185,"S. Parker","Parker, William (Smush)","NBA","LAL","2006-2007","Season Start","Basketball Value","Regular Season"
"232",186,"Bryant","Bryant, Kobe","NBA","LAL","2006-2007","Season Start","Basketball Value","Regular Season"
"233",186,"K. Bryant","Bryant, Kobe","NBA","LAL","2006-2007","Season Start","Basketball Value","Regular Season"
"234",187,"Odom","Odom, Lamar","NBA","LAL","2006-2007","Season Start","Basketball Value","Regular Season"
"235",188,"Mihm","Mihm, Chris","NBA","LAL","2006-2007","Season Start","Basketball Value","Regular Season"
"236",189,"K. Brown","Brown, Kwame","NBA","LAL","2006-2007","Season Start","Basketball Value","Regular Season"
"237",189,"Brown","Brown, Kwame","NBA","LAL","2006-2007","Season Start","Basketball Value","Regular Season"
"238",190,"George","George, Devean","NBA","DAL","2006-2007","Season Start","Basketball Value","Regular Season"
"239",191,"Cook","Cook, Brian","NBA","LAL","2006-2007","Season Start","Basketball Value","Regular Season"
"240",192,"McKie","McKie, Aaron","NBA","LAL","2006-2007","Season Start","Basketball Value","Regular Season"
"241",193,"Vujacic","Vujacic, Sasha","NBA","LAL","2006-2007","Season Start","Basketball Value","Regular Season"
"242",194,"A. Bynum","Bynum, Andrew","NBA","LAL","2006-2007","Season Start","Basketball Value","Regular Season"
"243",194,"Bynum","Bynum, Andrew","NBA","LAL","2006-2007","Season Start","Basketball Value","Regular Season"
"244",196,"Williams","Williams, Jason","NBA","MIA","2006-2007","Season Start","Basketball Value","Regular Season"
"245",196,"J. Williams","Williams, Jason","NBA","MIA","2006-2007","Season Start","Basketball Value","Regular Season"
"246",197,"Gasol","Gasol, Pau","NBA","MEM","2006-2007","Season Start","Basketball Value","Regular Season"
"247",198,"Battier","Battier, Shane","NBA","HOU","2006-2007","Season Start","Basketball Value","Regular Season"
"248",199,"Wright","Wright, Lorenzen","NBA","ATL","2006-2007","Season Start","Basketball Value","Regular Season"
"249",199,"L. Wright","Wright, Lorenzen","NBA","ATL","2006-2007","Season Start","Basketball Value","Regular Season"
"250",200,"Walker","Walker, Antoine","NBA","MIA","2006-2007","Season Start","Basketball Value","Regular Season"
"251",200,"A. Walker","Walker, Antoine","NBA","MIA","2006-2007","Season Start","Basketball Value","Regular Season"
"252",201,"Haslem","Haslem, Udonis","NBA","MIA","2006-2007","Season Start","Basketball Value","Regular Season"
"253",202,"E. Jones","Jones, Eddie","NBA","MEM","2006-2007","Season Start","Basketball Value","Regular Season"
"254",202,"JonesOut","Jones, Eddie","NBA","MEM","2006-2007","20061101NYKMEM","Basketball Value","Regular Season"
"255",202,"Jones","Jones, Eddie","NBA","MIA","2006-2007","20070203MIAMIL","Basketball Value","Regular Season"
"256",203,"S. O'Neal","O'Neal, Shaquille","NBA","MIA","2006-2007","Season Start","Basketball Value","Regular Season"
"257",203,"O'Neal","O'Neal, Shaquille","NBA","MIA","2006-2007","Season Start","Basketball Value","Regular Season"
"258",204,"Wade","Wade, Dwayne","NBA","MIA","2006-2007","Season Start","Basketball Value","Regular Season"
"259",205,"D. Stoudamire","Stoudamire, Damon","NBA","MEM","2006-2007","Season Start","Basketball Value","Regular Season"
"260",205,"Stoudamire","Stoudamire, Damon","NBA","MEM","2006-2007","Season Start","Basketball Value","Regular Season"
"261",206,"Mourning","Mourning, Alonzo","NBA","MIA","2006-2007","Season Start","Basketball Value","Regular Season"
"262",207,"Payton","Payton, Gary","NBA","MIA","2006-2007","Season Start","Basketball Value","Regular Season"
"263",208,"Tsakalidis","Tsakalidis, Jake","NBA","MEM","2006-2007","Season Start","Basketball Value","Regular Season"
"264",208,"Tsakalidis","Tsakalidis, Jake","NBA","HOU","2006-2007","20070225HOUORL","Basketball Value","Regular Season"
"265",209,"M. Miller","Miller, Mike","NBA","MEM","2006-2007","Season Start","Basketball Value","Regular Season"
"266",209,"Miller","Miller, Mike","NBA","MEM","2006-2007","Season Start","Basketball Value","Regular Season"
"267",210,"Jackson","Jackson, Bobby","NBA","NOK","2006-2007","20061101NOKBOS","Basketball Value","Regular Season"
"268",210,"B. Jackson","Jackson, Bobby","NBA","NOK","2006-2007","Season Start","Basketball Value","Regular Season"
"269",211,"Kapono","Kapono, Jason","NBA","MIA","2006-2007","Season Start","Basketball Value","Regular Season"
"270",212,"Jones","Jones, Dahntay","NBA","MEM","2006-2007","20061115MEMSAC","Basketball Value","Regular Season"
"271",212,"D. Jones","Jones, Dahntay","NBA","MEM","2006-2007","Season Start","Basketball Value","Regular Season"
"272",213,"Roberts","Roberts, Lawrence","NBA","MEM","2006-2007","Season Start","Basketball Value","Regular Season"
"273",214,"Wright","Wright, Dorell","NBA","MIA","2006-2007","Season Start","Basketball Value","Regular Season"
"274",214,"D. Wright","Wright, Dorell","NBA","MIA","2006-2007","Season Start","Basketball Value","Regular Season"
"275",215,"Barron","Barron, Earl","NBA","MIA","2006-2007","Season Start","Basketball Value","Regular Season"
"276",216,"Simien","Simien, Wayne","NBA","MIA","2006-2007","Season Start","Basketball Value","Regular Season"
"277",218,"Warrick","Warrick, Hakim","NBA","MEM","2006-2007","Season Start","Basketball Value","Regular Season"
"278",220,"Krstic","Krstic, Nenad","NBA","NJN","2006-2007","Season Start","Basketball Value","Regular Season"
"279",221,"Jefferson","Jefferson, Richard","NBA","NJN","2006-2007","Season Start","Basketball Value","Regular Season"
"280",221,"R. Jefferson","Jefferson, Richard","NBA","NJN","2006-2007","Season Start","Basketball Value","Regular Season"
"281",222,"Kidd","Kidd, Jason","NBA","NJN","2006-2007","Season Start","Basketball Value","Regular Season"
"282",223,"Collins","Collins, Jason","NBA","NJN","2006-2007","Season Start","Basketball Value","Regular Season"
"283",223,"J. Collins","Collins, Jason","NBA","NJN","2006-2007","Season Start","Basketball Value","Regular Season"
"284",224,"Carter","Carter, Vince","NBA","NJN","2006-2007","Season Start","Basketball Value","Regular Season"
"285",224,"V. Carter","Carter, Vince","NBA","NJN","2006-2007","Season Start","Basketball Value","Regular Season"
"286",226,"McInnis","McInnis, Jeff","NBA","CHA","2006-2007","20070105CHAORL","Basketball Value","Regular Season"
"287",226,"McInnis","McInnis, Jeff","NBA","NJN","2006-2007","Season Start","Basketball Value","Regular Season"
"288",228,"C. Robinson","Robinson, Clifford","NBA","NJN","2006-2007","Season Start","Basketball Value","Regular Season"
"289",228,"Robinson","Robinson, Clifford","NBA","NJN","2006-2007","Season Start","Basketball Value","Regular Season"
"290",229,"JacksonNotFirst","Jackson, Marc","NBA","NOK","2006-2007","20061118NOKMIN","Basketball Value","Regular Season"
"291",229,"M. Jackson","Jackson, Marc","NBA","NOK","2006-2007","Season Start","Basketball Value","Regular Season"
"292",231,"Vaughn","Vaughn, Jacque","NBA","SAS","2006-2007","Season Start","Basketball Value","Regular Season"
"293",232,"Padgett","Padgett, Scott","NBA","MEM","2006-2007","20070226DENMEM","Basketball Value","Regular Season"
"294",232,"Padgett","Padgett, Scott","NBA","HOU","2006-2007","Season Start","Basketball Value","Regular Season"
"295",235,"Curry","Curry, Eddy","NBA","NYK","2006-2007","Season Start","Basketball Value","Regular Season"
"296",236,"Blount","Blount, Mark","NBA","MIN","2006-2007","Season Start","Basketball Value","Regular Season"
"297",237,"Richardson","Richardson, Quentin","NBA","NYK","2006-2007","Season Start","Basketball Value","Regular Season"
"298",237,"Q. Richardson","Richardson, Quentin","NBA","NYK","2006-2007","Season Start","Basketball Value","Regular Season"
"299",238,"LaFrentz","LaFrentz, Raef","NBA","POR","2006-2007","Season Start","Basketball Value","Regular Season"
"300",239,"West","West, Delonte","NBA","BOS","2006-2007","Season Start","Basketball Value","Regular Season"
"301",239,"D. West","West, Delonte","NBA","BOS","2006-2007","Season Start","Basketball Value","Regular Season"
"302",240,"Pierce","Pierce, Paul","NBA","BOS","2006-2007","Season Start","Basketball Value","Regular Season"
"303",241,"Barnes","Barnes, Matt","NBA","GSW","2006-2007","Season Start","Basketball Value","Regular Season"
"304",243,"Davis","Davis, Ricky","NBA","MIN","2006-2007","Season Start","Basketball Value","Regular Season"
"305",243,"R. Davis","Davis, Ricky","NBA","MIN","2006-2007","Season Start","Basketball Value","Regular Season"
"306",243,"T. Davis","Davis, Ricky","NBA","MIN","2006-2007","20061125LACMIN","Basketball Value","Regular Season"
"307",244,"Marbury","Marbury, Stephon","NBA","NYK","2006-2007","Season Start","Basketball Value","Regular Season"
"308",245,"Ariza","Ariza, Trevor","NBA","ORL","2006-2007","Season Start","Basketball Value","Regular Season"
"309",246,"Gomes","Gomes, Ryan","NBA","BOS","2006-2007","Season Start","Basketball Value","Regular Season"
"310",247,"Jefferson","Jefferson, Al","NBA","BOS","2006-2007","Season Start","Basketball Value","Regular Season"
"311",247,"A. Jefferson","Jefferson, Al","NBA","BOS","2006-2007","Season Start","Basketball Value","Regular Season"
"312",248,"M. Taylor","Taylor, Maurice","NBA","SAC","2006-2007","Season Start","Basketball Value","Regular Season"
"313",248,"Taylor","Taylor, Maurice","NBA","SAC","2006-2007","Season Start","Basketball Value","Regular Season"
"314",249,"Crawford","Crawford, Jamal","NBA","NYK","2006-2007","Season Start","Basketball Value","Regular Season"
"315",250,"James","James, Jerome","NBA","NYK","2006-2007","Season Start","Basketball Value","Regular Season"
"316",250,"J. James","James, Jerome","NBA","NYK","2006-2007","Season Start","Basketball Value","Regular Season"
"317",251,"Greene","Greene, Orien","NBA","IND","2006-2007","Season Start","Basketball Value","Regular Season"
"318",252,"Scalabrine","Scalabrine, Brian","NBA","BOS","2006-2007","Season Start","Basketball Value","Regular Season"
"319",253,"Perkins","Perkins, Kendrick","NBA","BOS","2006-2007","Season Start","Basketball Value","Regular Season"
"320",254,"N. Robinson","Robinson, Nate","NBA","NYK","2006-2007","Season Start","Basketball Value","Regular Season"
"321",254,"Robinson","Robinson, Nate","NBA","NYK","2006-2007","Season Start","Basketball Value","Regular Season"
"322",255,"Rose","Rose, Malik","NBA","NYK","2006-2007","Season Start","Basketball Value","Regular Season"
"323",255,"M. Rose","Rose, Malik","NBA","NYK","2006-2007","Season Start","Basketball Value","Regular Season"
"324",256,"Reed","Reed, Justin","NBA","MIN","2006-2007","Season Start","Basketball Value","Regular Season"
"325",257,"Gooden","Gooden, Drew","NBA","CLE","2006-2007","Season Start","Basketball Value","Regular Season"
"326",258,"Ilgauskas","Ilgauskas, Zydrunas","NBA","CLE","2006-2007","Season Start","Basketball Value","Regular Season"
"327",260,"James","James, LeBron","NBA","CLE","2006-2007","Season Start","Basketball Value","Regular Season"
"328",260,"L. James","James, LeBron","NBA","CLE","2006-2007","Season Start","Basketball Value","Regular Season"
"329",261,"L. Hughes","Hughes, Larry","NBA","CLE","2006-2007","Season Start","Basketball Value","Regular Season"
"330",261,"Hughes","Hughes, Larry","NBA","CLE","2006-2007","Season Start","Basketball Value","Regular Season"
"331",262,"Snow","Snow, Eric","NBA","CLE","2006-2007","Season Start","Basketball Value","Regular Season"
"332",263,"Marshall","Marshall, Donyell","NBA","CLE","2006-2007","Season Start","Basketball Value","Regular Season"
"333",263,"D. Marshall","Marshall, Donyell","NBA","CLE","2006-2007","Season Start","Basketball Value","Regular Season"
"334",264,"Jones","Jones, Damon","NBA","CLE","2006-2007","20061101WASCLE","Basketball Value","Regular Season"
"335",264,"D. Jones","Jones, Damon","NBA","CLE","2006-2007","Season Start","Basketball Value","Regular Season"
"336",265,"Pavlovic","Pavlovic, Sasha","NBA","CLE","2006-2007","Season Start","Basketball Value","Regular Season"
"337",266,"Wilks","Wilks, Mike","NBA","SEA","2006-2007","Season Start","Basketball Value","Regular Season"
"338",267,"Henderson","Henderson, Alan","NBA","PHI","2006-2007","Season Start","Basketball Value","Regular Season"
"339",269,"Jackson","Jackson, Luke","NBA","TOR","2006-2007","20070401CHATOR","Basketball Value","Regular Season"
"340",269,"Jackson","Jackson, Luke","NBA","LAC","2006-2007","20070113CLELAC","Basketball Value","Regular Season"
"341",270,"Hamilton","Hamilton, Richard","NBA","DET","2006-2007","Season Start","Basketball Value","Regular Season"
"342",270,"R. Hamilton","Hamilton, Richard","NBA","DET","2006-2007","Season Start","Basketball Value","Regular Season"
"343",271,"Billups","Billups, Chauncey","NBA","DET","2006-2007","Season Start","Basketball Value","Regular Season"
"344",272,"Prince","Prince, Tayshaun","NBA","DET","2006-2007","Season Start","Basketball Value","Regular Season"
"345",273,"B. Wallace","Wallace, Ben","NBA","CHI","2006-2007","Season Start","Basketball Value","Regular Season"
"346",273,"Wallace","Wallace, Ben","NBA","CHI","2006-2007","Season Start","Basketball Value","Regular Season"
"347",274,"Wallace","Wallace, Rasheed","NBA","DET","2006-2007","20061101MILDET","Basketball Value","Regular Season"
"348",274,"R. Wallace","Wallace, Rasheed","NBA","DET","2006-2007","Season Start","Basketball Value","Regular Season"
"349",275,"McDyess","McDyess, Antonio","NBA","DET","2006-2007","Season Start","Basketball Value","Regular Season"
"350",276,"Evans","Evans, Maurice","NBA","LAL","2006-2007","Season Start","Basketball Value","Regular Season"
"351",276,"M. Evans","Evans, Maurice","NBA","LAL","2006-2007","Season Start","Basketball Value","Regular Season"
"352",277,"Arroyo","Arroyo, Carlos","NBA","ORL","2006-2007","Season Start","Basketball Value","Regular Season"
"353",278,"Milicic","Milicic, Darko","NBA","ORL","2006-2007","Season Start","Basketball Value","Regular Season"
"354",279,"Delfino","Delfino, Carlos","NBA","DET","2006-2007","Season Start","Basketball Value","Regular Season"
"355",280,"Maxiell","Maxiell, Jason","NBA","DET","2006-2007","Season Start","Basketball Value","Regular Season"
"356",281,"Williams","Williams, Louis","NBA","PHI","2006-2007","Season Start","Basketball Value","Regular Season"
"357",281,"L. Williams","Williams, Louis","NBA","PHI","2006-2007","Season Start","Basketball Value","Regular Season"
"358",283,"Jaric","Jaric, Marko","NBA","MIN","2006-2007","Season Start","Basketball Value","Regular Season"
"359",284,"Przybilla","Przybilla, Joel","NBA","POR","2006-2007","Season Start","Basketball Value","Regular Season"
"360",285,"Garnett","Garnett, Kevin","NBA","MIN","2006-2007","Season Start","Basketball Value","Regular Season"
"361",286,"Miles","Miles, Darius","NBA","POR","2006-2007","Season Start","Basketball Value","Regular Season"
"362",286,"D. Miles","Miles, Darius","NBA","POR","2006-2007","Season Start","Basketball Value","Regular Season"
"363",287,"Randolph","Randolph, Zach","NBA","POR","2006-2007","Season Start","Basketball Value","Regular Season"
"364",287,"Z. Randolph","Randolph, Zach","NBA","POR","2006-2007","Season Start","Basketball Value","Regular Season"
"365",288,"Szczerbiak","Szczerbiak, Wally","NBA","BOS","2006-2007","Season Start","Basketball Value","Regular Season"
"366",289,"Telfair","Telfair, Sebastian","NBA","BOS","2006-2007","Season Start","Basketball Value","Regular Season"
"367",290,"Olowokandi","Olowokandi, Michael","NBA","BOS","2006-2007","Season Start","Basketball Value","Regular Season"
"368",292,"Hassell","Hassell, Trenton","NBA","MIN","2006-2007","Season Start","Basketball Value","Regular Season"
"369",293,"McCants","McCants, Rashad","NBA","MIN","2006-2007","Season Start","Basketball Value","Regular Season"
"370",294,"Patterson","Patterson, Ruben","NBA","MIL","2006-2007","Season Start","Basketball Value","Regular Season"
"371",295,"Dixon","Dixon, Juan","NBA","TOR","2006-2007","20070224TORCHA","Basketball Value","Regular Season"
"372",295,"Dixon","Dixon, Juan","NBA","POR","2006-2007","Season Start","Basketball Value","Regular Season"
"373",296,"Jack","Jack, Jarrett","NBA","POR","2006-2007","Season Start","Basketball Value","Regular Season"
"374",297,"Ratliff","Ratliff, Theo","NBA","BOS","2006-2007","Season Start","Basketball Value","Regular Season"
"375",298,"Carter","Carter, Anthony","NBA","DEN","2006-2007","20070416MINDEN","Basketball Value","Regular Season"
"376",299,"E. Griffin","Griffin, Eddie","NBA","MIN","2006-2007","Season Start","Basketball Value","Regular Season"
"377",299,"Griffin","Griffin, Eddie","NBA","MIN","2006-2007","Season Start","Basketball Value","Regular Season"
"378",300,"Madsen","Madsen, Mark","NBA","MIN","2006-2007","Season Start","Basketball Value","Regular Season"
"379",302,"Yao","Ming, Yao","NBA","HOU","2006-2007","Season Start","Basketball Value","Regular Season"
"380",302,"Ming","Ming, Yao","NBA","HOU","2006-2007","Season Start","Basketball Value","Regular Season"
"381",304,"Howard","Howard, Juwan","NBA","HOU","2006-2007","Season Start","Basketball Value","Regular Season"
"382",304,"J. Howard","Howard, Juwan","NBA","HOU","2006-2007","Season Start","Basketball Value","Regular Season"
"383",305,"McGrady","McGrady, Tracy","NBA","HOU","2006-2007","Season Start","Basketball Value","Regular Season"
"384",306,"Swift","Swift, Stromile","NBA","MEM","2006-2007","Season Start","Basketball Value","Regular Season"
"385",306,"S. Swift","Swift, Stromile","NBA","MEM","2006-2007","Season Start","Basketball Value","Regular Season"
"386",307,"D. Anderson","Anderson, Derek","NBA","CHA","2006-2007","20070410MIACHA","Basketball Value","Regular Season"
"387",308,"Alston","Alston, Rafer","NBA","HOU","2006-2007","Season Start","Basketball Value","Regular Season"
"388",309,"Wesley","Wesley, David","NBA","CLE","2006-2007","Season Start","Basketball Value","Regular Season"
"389",312,"Mutombo","Mutombo, Dikembe","NBA","HOU","2006-2007","Season Start","Basketball Value","Regular Season"
"390",313,"Arenas","Arenas, Gilbert","NBA","WAS","2006-2007","Season Start","Basketball Value","Regular Season"
"391",314,"Rose","Rose, Jalen","NBA","PHX","2006-2007","20061108PHXSAS","Basketball Value","Regular Season"
"392",315,"Jeffries","Jeffries, Jared","NBA","NYK","2006-2007","Season Start","Basketball Value","Regular Season"
"393",316,"Jamison","Jamison, Antawn","NBA","WAS","2006-2007","Season Start","Basketball Value","Regular Season"
"394",317,"J. Graham","Graham, Joey","NBA","TOR","2006-2007","Season Start","Basketball Value","Regular Season"
"395",317,"Graham","Graham, Joey","NBA","TOR","2006-2007","Season Start","Basketball Value","Regular Season"
"396",318,"James","James, Mike","NBA","MIN","2006-2007","Season Start","Basketball Value","Regular Season"
"397",318,"M. James","James, Mike","NBA","MIN","2006-2007","Season Start","Basketball Value","Regular Season"
"398",319,"Bosh","Bosh, Chris","NBA","TOR","2006-2007","Season Start","Basketball Value","Regular Season"
"399",321,"A. Daniels","Daniels, Antonio","NBA","WAS","2006-2007","Season Start","Basketball Value","Regular Season"
"400",321,"Daniels","Daniels, Antonio","NBA","WAS","2006-2007","Season Start","Basketball Value","Regular Season"
"401",322,"Haywood","Haywood, Brendan","NBA","WAS","2006-2007","Season Start","Basketball Value","Regular Season"
"402",323,"Thomas","Thomas, Etan","NBA","WAS","2006-2007","Season Start","Basketball Value","Regular Season"
"403",323,"E. Thomas","Thomas, Etan","NBA","WAS","2006-2007","Season Start","Basketball Value","Regular Season"
"404",323,"D. Thomas","Thomas, Etan","NBA","WAS","2006-2007","20061202WASCHI","Basketball Value","Regular Season"
"405",324,"Butler","Butler, Caron","NBA","WAS","2006-2007","Season Start","Basketball Value","Regular Season"
"406",324,"J. Butler","Butler, Caron","NBA","WAS","2006-2007","20070112WASNOK","Basketball Value","Regular Season"
"407",324,"C. Butler","Butler, Caron","NBA","WAS","2006-2007","Season Start","Basketball Value","Regular Season"
"408",325,"Araujo","Araujo, Rafael","NBA","UTA","2006-2007","Season Start","Basketball Value","Regular Season"
"409",326,"Peterson","Peterson, Morris","NBA","TOR","2006-2007","Season Start","Basketball Value","Regular Season"
"410",327,"Villanueva","Villanueva, Charlie","NBA","MIL","2006-2007","Season Start","Basketball Value","Regular Season"
"411",328,"J. Hayes","Hayes, Jarvis","NBA","WAS","2006-2007","20061122WASHOU","Basketball Value","Regular Season"
"412",328,"Hayes","Hayes, Jarvis","NBA","WAS","2006-2007","Season Start","Basketball Value","Regular Season"
"413",329,"Ruffin","Ruffin, Michael","NBA","WAS","2006-2007","Season Start","Basketball Value","Regular Season"
"414",330,"Bonner","Bonner, Matt","NBA","SAS","2006-2007","Season Start","Basketball Value","Regular Season"
"415",331,"Calderon","Calderon, Jose","NBA","TOR","2006-2007","Season Start","Basketball Value","Regular Season"
"416",332,"Atkins","Atkins, Chucky","NBA","MEM","2006-2007","Season Start","Basketball Value","Regular Season"
"417",337,"A. Johnson","Johnson, Anthony","NBA","DAL","2006-2007","Season Start","Basketball Value","Regular Season"
"418",337,"Johnson","Johnson, Anthony","NBA","DAL","2006-2007","Season Start","Basketball Value","Regular Season"
"419",337,"A. Johnson","Johnson, Anthony","NBA","ATL","2006-2007","Transaction Li","Basketball Value","Regular Season"
"420",339,"Medvedenko","Medvedenko, Slava","NBA","ATL","2006-2007","20061229ATLHOU","Basketball Value","Regular Season"
"421",341,"Korolev","Korolev, Yaroslav","NBA","LAC","2006-2007","Season Start","Basketball Value","Regular Season"
"422",344,"Udrih","Udrih, Beno","NBA","SAS","2006-2007","Season Start","Basketball Value","Regular Season"
"423",348,"Hudson","Hudson, Troy","NBA","MIN","2006-2007","Season Start","Basketball Value","Regular Season"
"424",349,"Dupree","Dupree, Ronald","NBA","DET","2006-2007","Season Start","Basketball Value","Regular Season"
"425",350,"Potapenko","Potapenko, Vitaly","NBA","SAC","2006-2007","Season Start","Basketball Value","Regular Season"
"426",353,"Williams","Williams, Aaron","NBA","LAC","2006-2007","Season Start","Basketball Value","Regular Season"
"427",353,"A. Williams","Williams, Aaron","NBA","LAC","2006-2007","Season Start","Basketball Value","Regular Season"
"428",354,"T. Outlaw","Outlaw, Travis","NBA","POR","2006-2007","Season Start","Basketball Value","Regular Season"
"429",354,"Outlaw","Outlaw, Travis","NBA","POR","2006-2007","Season Start","Basketball Value","Regular Season"
"430",355,"Blake","Blake, Steve","NBA","MIL","2006-2007","Season Start","Basketball Value","Regular Season"
"431",355,"Blake","Blake, Steve","NBA","DEN","2006-2007","20070112HOUDEN","Basketball Value","Regular Season"
"432",356,"Webster","Webster, Martell","NBA","POR","2006-2007","Season Start","Basketball Value","Regular Season"
"433",357,"Watson","Watson, Earl","NBA","SEA","2006-2007","Season Start","Basketball Value","Regular Season"
"434",362,"Frye","Frye, Channing","NBA","NYK","2006-2007","Season Start","Basketball Value","Regular Season"
"435",366,"Bogans","Bogans, Keith","NBA","ORL","2006-2007","Season Start","Basketball Value","Regular Season"
"436",367,"Dickau","Dickau, Dan","NBA","POR","2006-2007","Season Start","Basketball Value","Regular Season"
"437",372,"Head","Head, Luther","NBA","HOU","2006-2007","Season Start","Basketball Value","Regular Season"
"438",373,"Booth","Booth, Calvin","NBA","WAS","2006-2007","Season Start","Basketball Value","Regular Season"
"439",377,"Lee","Lee, David","NBA","NYK","2006-2007","Season Start","Basketball Value","Regular Season"
"440",380,"Williams","Williams, Eric","NBA","CHA","2006-2007","20070224TORCHA","Basketball Value","Regular Season"
"441",380,"E. Williams","Williams, Eric","NBA","SAS","2006-2007","Season Start","Basketball Value","Regular Season"
"442",380,"Williams","Williams, Eric","NBA","SAS","2006-2007","20061120SASPOR","Basketball Value","Regular Season"
"443",383,"J. Smith","Smith, Joe","NBA","PHI","2006-2007","Transaction Li","Basketball Value","Regular Season"
"444",383,"J. Smith","Smith, Joe","NBA","DEN","2006-2007","Season Start","Basketball Value","Regular Season"
"445",383,"Smith","Smith, Joe","NBA","PHI","2006-2007","Transaction Li","Basketball Value","Regular Season"
"446",383,"SmithTraded","Smith, Joe","NBA","DEN","2006-2007","20061218WASDEN","Basketball Value","Regular Season"
"447",389,"Pargo","Pargo, Jannero","NBA","NOK","2006-2007","Season Start","Basketball Value","Regular Season"
"448",390,"Maggette","Maggette, Corey","NBA","LAC","2006-2007","Season Start","Basketball Value","Regular Season"
"449",391,"Taylor","Taylor, Donell","NBA","WAS","2006-2007","Season Start","Basketball Value","Regular Season"
"450",391,"D. Taylor","Taylor, Donell","NBA","WAS","2006-2007","Season Start","Basketball Value","Regular Season"
"451",392,"Pollard","Pollard, Scot","NBA","CLE","2006-2007","Season Start","Basketball Value","Regular Season"
"452",397,"Sampson","Sampson, Jamal","NBA","DEN","2006-2007","Season Start","Basketball Value","Regular Season"
"453",399,"P. Burke","Burke, Pat","NBA","PHX","2006-2007","Season Start","Basketball Value","Regular Season"
"454",399,"Burke","Burke, Pat","NBA","PHX","2006-2007","Season Start","Basketball Value","Regular Season"
"455",401,"Posey","Posey, James","NBA","MIA","2006-2007","Season Start","Basketball Value","Regular Season"
"456",402,"Robinson","Robinson, Bernard","NBA","CHA","2006-2007","Season Start","Basketball Value","Regular Season"
"457",402,"B. Robinson","Robinson, Bernard","NBA","CHA","2006-2007","Season Start","Basketball Value","Regular Season"
"458",402,"B. Robinson","Robinson, Bernard","NBA","NJN","2006-2007","Transaction Li","Basketball Value","Regular Season"
"459",403,"Voskuhl","Voskuhl, Jake","NBA","CHA","2006-2007","Season Start","Basketball Value","Regular Season"
"460",405,"D. Davis","Davis, Dale","NBA","DET","2006-2007","Season Start","Basketball Value","Regular Season"
"461",405,"Davis","Davis, Dale","NBA","DET","2006-2007","Season Start","Basketball Value","Regular Season"
"462",405,"E. Davis","Davis, Dale","NBA","DET","2006-2007","20070115MINDET","Basketball Value","Regular Season"
"463",408,"L. Johnson","Johnson, Linton","NBA","NOK","2006-2007","Season Start","Basketball Value","Regular Season"
"464",408,"Johnson","Johnson, Linton","NBA","NOK","2006-2007","Season Start","Basketball Value","Regular Season"
"465",410,"Marks","Marks, Sean","NBA","PHX","2006-2007","Season Start","Basketball Value","Regular Season"
"466",411,"Moore","Moore, Mikki","NBA","NJN","2006-2007","Season Start","Basketball Value","Regular Season"
"467",413,"Blatche","Blatche, Andray","NBA","WAS","2006-2007","Season Start","Basketball Value","Regular Season"
"468",414,"A. Anderson","Anderson, Alan","NBA","CHA","2006-2007","Season Start","Basketball Value","Regular Season"
"469",414,"Anderson","Anderson, Alan","NBA","CHA","2006-2007","Season Start","Basketball Value","Regular Season"
"470",416,"Snyder","Snyder, Kirk","NBA","HOU","2006-2007","Season Start","Basketball Value","Regular Season"
"471",417,"Ellis","Ellis, Monta","NBA","GSW","2006-2007","Season Start","Basketball Value","Regular Season"
"472",419,"Dooling","Dooling, Keyon","NBA","ORL","2006-2007","Season Start","Basketball Value","Regular Season"
"473",422,"Hodge","Hodge, Julius","NBA","MIL","2006-2007","20070112MILPHI","Basketball Value","Regular Season"
"474",422,"Hodge","Hodge, Julius","NBA","DEN","2006-2007","Season Start","Basketball Value","Regular Season"
"475",423,"Butler","Butler, Jackie","NBA","SAS","2006-2007","Season Start","Basketball Value","Regular Season"
"476",423,"J. Butler","Butler, Jackie","NBA","SAS","2006-2007","Season Start","Basketball Value","Regular Season"
"477",424,"Sow","Sow, Pape","NBA","TOR","2006-2007","Season Start","Basketball Value","Regular Season"
"478",426,"Miles","Miles, C.J.","NBA","UTA","2006-2007","Season Start","Basketball Value","Regular Season"
"479",430,"J. Powell","Powell, Josh","NBA","IND","2006-2007","Season Start","Basketball Value","Regular Season"
"480",430,"Powell","Powell, Josh","NBA","IND","2006-2007","Season Start","Basketball Value","Regular Season"
"481",430,"Powell","Powell, Josh","NBA","GSW","2006-2007","Transaction Li","Basketball Value","Regular Season"
"482",433,"S. Randolph","Randolph, Shavlik","NBA","PHI","2006-2007","Season Start","Basketball Value","Regular Season"
"483",433,"Randolph","Randolph, Shavlik","NBA","PHI","2006-2007","Season Start","Basketball Value","Regular Season"
"484",436,"D. Martin","Martin, Darrick","NBA","TOR","2006-2007","Season Start","Basketball Value","Regular Season"
"485",436,"Martin","Martin, Darrick","NBA","TOR","2006-2007","Season Start","Basketball Value","Regular Season"
"486",438,"R. Marshall","Marshall, Rawle","NBA","IND","2006-2007","Season Start","Basketball Value","Regular Season"
"487",438,"Marshall","Marshall, Rawle","NBA","IND","2006-2007","Season Start","Basketball Value","Regular Season"
"488",439,"Mbenga","Mbenga, DJ","NBA","DAL","2006-2007","Season Start","Basketball Value","Regular Season"
"489",444,"A. Wright","Wright, Antoine","NBA","NJN","2006-2007","Season Start","Basketball Value","Regular Season"
"490",444,"Wright","Wright, Antoine","NBA","NJN","2006-2007","Season Start","Basketball Value","Regular Season"
"491",450,"Khryapa","Khryapa, Viktor","NBA","CHI","2006-2007","Season Start","Basketball Value","Regular Season"
"492",453,"Diogu","Diogu, Ike","NBA","IND","2006-2007","Transaction Li","Basketball Value","Regular Season"
"493",453,"Diogu","Diogu, Ike","NBA","GSW","2006-2007","Season Start","Basketball Value","Regular Season"
"494",454,"Wafer","Wafer, Von","NBA","LAC","2006-2007","20070226CHALAC","Basketball Value","Regular Season"
"495",457,"Roberson","Roberson, Anthony","NBA","GSW","2006-2007","Season Start","Basketball Value","Regular Season"
"496",458,"Dalembert","Dalembert, Samuel","NBA","PHI","2006-2007","Season Start","Basketball Value","Regular Season"
"497",459,"Walton","Walton, Luke","NBA","LAL","2006-2007","Season Start","Basketball Value","Regular Season"
"498",460,"Doleac","Doleac, Michael","NBA","MIA","2006-2007","Season Start","Basketball Value","Regular Season"
"499",463,"Thompson","Thompson, Dijon","NBA","ATL","2006-2007","20070109ATLIND","Basketball Value","Regular Season"
"500",467,"A. Griffin","Griffin, Adrian","NBA","CHI","2006-2007","Season Start","Basketball Value","Regular Season"
"501",467,"Griffin","Griffin, Adrian","NBA","CHI","2006-2007","Season Start","Basketball Value","Regular Season"
"502",468,"Foster","Foster, Jeff","NBA","IND","2006-2007","Season Start","Basketball Value","Regular Season"
"503",470,"Diener","Diener, Travis","NBA","ORL","2006-2007","Season Start","Basketball Value","Regular Season"
"504",472,"R. Swift","Swift, Robert","NBA","SEA","2006-2007","Season Start","Basketball Value","Regular Season"
"505",472,"Swift","Swift, Robert","NBA","SEA","2006-2007","Season Start","Basketball Value","Regular Season"
"506",477,"Graham","Graham, Stephen","NBA","POR","2006-2007","Season Start","Basketball Value","Regular Season"
"507",477,"S. Graham","Graham, Stephen","NBA","POR","2006-2007","Season Start","Basketball Value","Regular Season"
"508",483,"Livingston","Livingston, Shaun","NBA","LAC","2006-2007","Season Start","Basketball Value","Regular Season"
"509",484,"Cardinal","Cardinal, Brian","NBA","MEM","2006-2007","Season Start","Basketball Value","Regular Season"
"510",486,"G. Hill","Hill, Grant","NBA","ORL","2006-2007","Season Start","Basketball Value","Regular Season"
"511",486,"Hill","Hill, Grant","NBA","ORL","2006-2007","20061101CHIORL","Basketball Value","Regular Season"
"512",488,"Banks","Banks, Marcus","NBA","PHX","2006-2007","Season Start","Basketball Value","Regular Season"
"513",489,"Newble","Newble, Ira","NBA","CLE","2006-2007","Season Start","Basketball Value","Regular Season"
"514",492,"Stackhouse","Stackhouse, Jerry","NBA","DAL","2006-2007","Season Start","Basketball Value","Regular Season"
"515",498,"Lucas","Lucas, John","NBA","HOU","2006-2007","Season Start","Basketball Value","Regular Season"
"516",500,"Andriuskevicius","Andriuskevicius, Martynas","NBA","CHI","2006-2007","Season Start","Basketball Value","Regular Season"
"517",501,"Allen","Allen, Tony","NBA","BOS","2006-2007","Season Start","Basketball Value","Regular Season"
"518",501,"T. Allen","Allen, Tony","NBA","BOS","2006-2007","Season Start","Basketball Value","Regular Season"
"519",501,"A. Allen","Allen, Tony","NBA","BOS","2006-2007","20061231BOSSEA","Basketball Value","Regular Season"
"520",505,"Varejao","Varejao, Anderson","NBA","CLE","2006-2007","Season Start","Basketball Value","Regular Season"
"521",508,"C. Hayes","Hayes, Chuck","NBA","HOU","2006-2007","20061122WASHOU","Basketball Value","Regular Season"
"522",508,"Hayes","Hayes, Chuck","NBA","HOU","2006-2007","Season Start","Basketball Value","Regular Season"
"523",509,"Wright","Wright, Bracey","NBA","MIN","2006-2007","Season Start","Basketball Value","Regular Season"
"524",509,"B. Wright","Wright, Bracey","NBA","MIN","2006-2007","Season Start","Basketball Value","Regular Season"
"525",510,"A. Johnson","Johnson, Amir","NBA","DET","2006-2007","Season Start","Basketball Value","Regular Season"
"526",510,"Johnson","Johnson, Amir","NBA","DET","2006-2007","Season Start","Basketball Value","Regular Season"
"527",514,"G. Green","Green, Gerald","NBA","BOS","2006-2007","Season Start","Basketball Value","Regular Season"
"528",514,"Green","Green, Gerald","NBA","BOS","2006-2007","Season Start","Basketball Value","Regular Season"
"529",515,"L. Hunter","Hunter, Lindsey","NBA","DET","2006-2007","Season Start","Basketball Value","Regular Season"
"530",515,"Hunter","Hunter, Lindsey","NBA","DET","2006-2007","Season Start","Basketball Value","Regular Season"
"531",516,"Turiaf","Turiaf, Ronny","NBA","LAL","2006-2007","Season Start","Basketball Value","Regular Season"
"532",517,"Dw. Jones","Jones, Dwayne","NBA","CLE","2006-2007","Season Start","Basketball Value","Regular Season"
"533",518,"Boozer","Boozer, Carlos","NBA","UTA","2006-2007","Season Start","Basketball Value","Regular Season"
"534",525,"Barrett","Barrett, Andre","NBA","CHI","2006-2007","Season Start","Basketball Value","Regular Season"
"535",527,"Baker","Baker, Vin","NBA","MIN","2006-2007","Season Start","Basketball Value","Regular Season"
"536",529,"Schenscher","Schenscher, Luke","NBA","POR","2006-2007","20070322PORNYK","Basketball Value","Regular Season"
"537",533,"Livingston","Livingston, Randy","NBA","SEA","2006-2007","20070411SEAPHX","Basketball Value","Regular Season"
"538",537,"Stoudemire","Stoudemire, Amare","NBA","PHX","2006-2007","Season Start","Basketball Value","Regular Season"
"539",541,"W. Green","Green, Willie","NBA","PHI","2006-2007","Season Start","Basketball Value","Regular Season"
"540",541,"Green","Green, Willie","NBA","PHI","2006-2007","Season Start","Basketball Value","Regular Season"
"541",544,"Udoka","Udoka, Ime","NBA","POR","2006-2007","Season Start","Basketball Value","Regular Season"
"542",548,"Bozeman","Bozeman, Cedric","NBA","ATL","2006-2007","Season Start","Basketball Value","Regular Season"
"543",549,"Freije","Freije, Matt","NBA","ATL","2006-2007","Season Start","Basketball Value","Regular Season"
"544",550,"S. Jones","Jones, Solomon","NBA","ATL","2006-2007","Season Start","Basketball Value","Regular Season"
"545",550,"Jones","Jones, Solomon","NBA","ATL","2006-2007","Season Start","Basketball Value","Regular Season"
"546",551,"WilliamsNotStarting","Williams, Shelden","NBA","ATL","2006-2007","20061101ATLPHI","Basketball Value","Regular Season"
"547",551,"S. Williams","Williams, Shelden","NBA","ATL","2006-2007","Season Start","Basketball Value","Regular Season"
"548",552,"Powe","Powe, Leon","NBA","BOS","2006-2007","Season Start","Basketball Value","Regular Season"
"549",553,"Rondo","Rondo, Rajon","NBA","BOS","2006-2007","Season Start","Basketball Value","Regular Season"
"550",554,"Ray","Ray, Allan","NBA","BOS","2006-2007","Season Start","Basketball Value","Regular Season"
"551",555,"Morrison","Morrison, Adam","NBA","CHA","2006-2007","Season Start","Basketball Value","Regular Season"
"552",556,"Herrmann","Herrmann, Walter","NBA","CHA","2006-2007","Season Start","Basketball Value","Regular Season"
"553",557,"Hollins","Hollins, Ryan","NBA","CHA","2006-2007","Season Start","Basketball Value","Regular Season"
"554",558,"Sefolosha","Sefolosha, Thabo","NBA","CHI","2006-2007","Season Start","Basketball Value","Regular Season"
"555",559,"T. Thomas","Thomas, Tyrus","NBA","CHI","2006-2007","Season Start","Basketball Value","Regular Season"
"556",559,"Thomas","Thomas, Tyrus","NBA","CHI","2006-2007","Season Start","Basketball Value","Regular Season"
"557",560,"Brown","Brown, Shannon","NBA","CLE","2006-2007","Season Start","Basketball Value","Regular Season"
"558",560,"S. Brown","Brown, Shannon","NBA","CLE","2006-2007","Season Start","Basketball Value","Regular Season"
"559",561,"Gibson","Gibson, Daniel","NBA","CLE","2006-2007","Season Start","Basketball Value","Regular Season"
"560",562,"Ager","Ager, Maurice","NBA","DAL","2006-2007","Season Start","Basketball Value","Regular Season"
"561",563,"Barea","Barea, Jose","NBA","DAL","2006-2007","Season Start","Basketball Value","Regular Season"
"562",564,"Mensah-Bonsu","Mensah-Bonsu, Pops","NBA","DAL","2006-2007","Season Start","Basketball Value","Regular Season"
"563",565,"Diawara","Diawara, Yakhouba","NBA","DEN","2006-2007","Season Start","Basketball Value","Regular Season"
"564",566,"Blalock","Blalock, Will","NBA","DET","2006-2007","Season Start","Basketball Value","Regular Season"
"565",567,"O'Bryant","O'Bryant, Patrick","NBA","GSW","2006-2007","Season Start","Basketball Value","Regular Season"
"566",568,"Wagner","Wagner, Dajuan","NBA","GSW","2006-2007","Season Start","Basketball Value","Regular Season"
"567",569,"Novak","Novak, Steve","NBA","HOU","2006-2007","Season Start","Basketball Value","Regular Season"
"568",570,"Spanoulis","Spanoulis, Vassilis","NBA","HOU","2006-2007","Season Start","Basketball Value","Regular Season"
"569",571,"Sura","Sura, Bob","NBA","HOU","2006-2007","Season Start","Basketball Value","Regular Season"
"570",572,"Baston","Baston, Maceo","NBA","IND","2006-2007","Season Start","Basketball Value","Regular Season"
"571",573,"S. Williams","Williams, Shawne","NBA","IND","2006-2007","Season Start","Basketball Value","Regular Season"
"572",573,"Williams","Williams, Shawne","NBA","IND","2006-2007","Season Start","Basketball Value","Regular Season"
"573",574,"Davis","Davis, Paul","NBA","LAC","2006-2007","Season Start","Basketball Value","Regular Season"
"574",574,"P. Davis","Davis, Paul","NBA","LAC","2006-2007","Season Start","Basketball Value","Regular Season"
"575",575,"Farmar","Farmar, Jordan","NBA","LAL","2006-2007","Season Start","Basketball Value","Regular Season"
"576",576,"Williams","Williams, Shammond","NBA","LAL","2006-2007","Season Start","Basketball Value","Regular Season"
"577",576,"S. Williams","Williams, Shammond","NBA","LAL","2006-2007","Season Start","Basketball Value","Regular Season"
"578",577,"Gay","Gay, Rudy","NBA","MEM","2006-2007","Season Start","Basketball Value","Regular Season"
"579",578,"Johnson","Johnson, Alexander","NBA","MEM","2006-2007","Season Start","Basketball Value","Regular Season"
"580",578,"A. Johnson","Johnson, Alexander","NBA","MEM","2006-2007","Season Start","Basketball Value","Regular Season"
"581",579,"Lowry","Lowry, Kyle","NBA","MEM","2006-2007","Season Start","Basketball Value","Regular Season"
"582",580,"Kinsey","Kinsey, Tarence","NBA","MEM","2006-2007","Season Start","Basketball Value","Regular Season"
"583",581,"Quinn","Quinn, Chris","NBA","MIA","2006-2007","Season Start","Basketball Value","Regular Season"
"584",582,"Hite","Hite, Robert","NBA","MIA","2006-2007","Season Start","Basketball Value","Regular Season"
"585",583,"Ilyasova","Ilyasova, Ersan","NBA","MIL","2006-2007","Season Start","Basketball Value","Regular Season"
"586",584,"Markota","Markota, Damir","NBA","MIL","2006-2007","Season Start","Basketball Value","Regular Season"
"587",585,"Noel","Noel, David","NBA","MIL","2006-2007","Season Start","Basketball Value","Regular Season"
"588",586,"Greer","Greer, Lynn","NBA","MIL","2006-2007","Season Start","Basketball Value","Regular Season"
"589",587,"McCray","McCray, Chris","NBA","MIL","2006-2007","Season Start","Basketball Value","Regular Season"
"590",588,"Foye","Foye, Randy","NBA","MIN","2006-2007","Season Start","Basketball Value","Regular Season"
"591",589,"Smith","Smith, Craig","NBA","MIN","2006-2007","Season Start","Basketball Value","Regular Season"
"592",589,"C. Smith","Smith, Craig","NBA","MIN","2006-2007","Season Start","Basketball Value","Regular Season"
"593",590,"Adams","Adams, Hassan","NBA","NJN","2006-2007","Season Start","Basketball Value","Regular Season"
"594",590,"H. Adams","Adams, Hassan","NBA","NJN","2006-2007","Season Start","Basketball Value","Regular Season"
"595",591,"Ilic","Ilic, Mile","NBA","NJN","2006-2007","Season Start","Basketball Value","Regular Season"
"596",592,"M. Williams","Williams, Marcus","NBA","NJN","2006-2007","Season Start","Basketball Value","Regular Season"
"597",592,"Williams","Williams, Marcus","NBA","NJN","2006-2007","Season Start","Basketball Value","Regular Season"
"598",593,"Boone","Boone, Josh","NBA","NJN","2006-2007","Season Start","Basketball Value","Regular Season"
"599",594,"H. Armstrong","Armstrong, Hilton","NBA","NOK","2006-2007","Season Start","Basketball Value","Regular Season"
"600",594,"Armstrong","Armstrong, Hilton","NBA","NOK","2006-2007","Season Start","Basketball Value","Regular Season"
"601",595,"C. Simmons","Simmons, Cedric","NBA","NOK","2006-2007","Season Start","Basketball Value","Regular Season"
"602",595,"Simmons","Simmons, Cedric","NBA","NOK","2006-2007","Season Start","Basketball Value","Regular Season"
"603",596,"Vinicius","Vinicius, Marcus","NBA","NOK","2006-2007","Season Start","Basketball Value","Regular Season"
"604",596,"Viera de Souza","Vinicius, Marcus","NBA","NOK","2006-2007","20061125NOKDAL","Basketball Value","Regular Season"
"605",597,"Balkman","Balkman, Renaldo","NBA","NYK","2006-2007","Season Start","Basketball Value","Regular Season"
"606",598,"Collins","Collins, Mardy","NBA","NYK","2006-2007","Season Start","Basketball Value","Regular Season"
"607",598,"M. Collins","Collins, Mardy","NBA","NYK","2006-2007","Season Start","Basketball Value","Regular Season"
"608",599,"Redick","Redick, J.J.","NBA","ORL","2006-2007","Season Start","Basketball Value","Regular Season"
"609",600,"Augustine","Augustine, James","NBA","ORL","2006-2007","Season Start","Basketball Value","Regular Season"
"610",601,"Carney","Carney, Rodney","NBA","PHI","2006-2007","Season Start","Basketball Value","Regular Season"
"611",602,"Jones","Jones, Bobby","NBA","PHI","2006-2007","Season Start","Basketball Value","Regular Season"
"612",602,"B. Jones","Jones, Bobby","NBA","PHI","2006-2007","Season Start","Basketball Value","Regular Season"
"613",603,"McFarlin","McFarlin, Ivan","NBA","DEN","2006-2007","Transaction Li","Basketball Value","Regular Season"
"614",603,"McFarlin","McFarlin, Ivan","NBA","PHI","2006-2007","Season Start","Basketball Value","Regular Season"
"615",604,"S. Smith","Smith, Steven","NBA","PHI","2006-2007","Season Start","Basketball Value","Regular Season"
"616",604,"SmithDoubleFirst","Smith, Steven","NBA","PHI","2006-2007","Season Start","Basketball Value","Regular Season"
"617",605,"Rodriguez","Rodriguez, Sergio","NBA","POR","2006-2007","Season Start","Basketball Value","Regular Season"
"618",606,"Roy","Roy, Brandon","NBA","POR","2006-2007","Season Start","Basketball Value","Regular Season"
"619",607,"Aldridge","Aldridge, LaMarcus","NBA","POR","2006-2007","Season Start","Basketball Value","Regular Season"
"620",608,"Douby","Douby, Quincy","NBA","SAC","2006-2007","Season Start","Basketball Value","Regular Season"
"621",609,"Gelabale","Gelabale, Mickael","NBA","SEA","2006-2007","Season Start","Basketball Value","Regular Season"
"622",610,"Sene","Sene, Mouhamed","NBA","SEA","2006-2007","Season Start","Basketball Value","Regular Season"
"623",611,"Farmer","Farmer, Desmon","NBA","SEA","2006-2007","Season Start","Basketball Value","Regular Season"
"624",612,"Bargnani","Bargnani, Andrea","NBA","TOR","2006-2007","Season Start","Basketball Value","Regular Season"
"625",614,"A. Parker","Parker, Anthony","NBA","TOR","2006-2007","Season Start","Basketball Value","Regular Season"
"626",614,"Parker","Parker, Anthony","NBA","TOR","2006-2007","Season Start","Basketball Value","Regular Season"
"627",615,"Tucker","Tucker, P.J.","NBA","TOR","2006-2007","Season Start","Basketball Value","Regular Season"
"628",616,"Slokar","Slokar, Uros","NBA","TOR","2006-2007","Season Start","Basketball Value","Regular Season"
"629",617,"Brewer","Brewer, Ronnie","NBA","UTA","2006-2007","Season Start","Basketball Value","Regular Season"
"630",619,"D. Brown","Brown, Dee","NBA","UTA","2006-2007","Season Start","Basketball Value","Regular Season"
"631",619,"Brown","Brown, Dee","NBA","UTA","2006-2007","Season Start","Basketball Value","Regular Season"
"632",620,"Chase","Chase, Brian","NBA","UTA","2006-2007","Season Start","Basketball Value","Regular Season"
"633",621,"Powell","Powell Jr, Roger","NBA","UTA","2006-2007","Season Start","Basketball Value","Regular Season"
"634",622,"R. Mason","Mason, Roger","NBA","WAS","2006-2007","Season Start","Basketball Value","Regular Season"
"635",622,"Mason","Mason, Roger","NBA","WAS","2006-2007","Season Start","Basketball Value","Regular Season"
"636",623,"Lang","Lang, James","NBA","WAS","2006-2007","Season Start","Basketball Value","Regular Season"
"637",629,"Millsap","Millsap, Paul","NBA","UTA","2006-2007","20061101HOUUTA","Basketball Value","Regular Season"
"638",636,"Garbarjosa","Garbajosa, Jorge","NBA","TOR","2006-2007","20061101TORNJN","Basketball Value","Regular Season"
"639",636,"Garbajosa","Garbajosa, Jorge","NBA","TOR","2006-2007","20061110ATLTOR","Basketball Value","Regular Season"
"640",640,"Kleiza","Kleiza, Linas","NBA","DEN","2006-2007","20061102DENLAC","Basketball Value","Regular Season"
"641",642,"Glyniadakis","Glyniadakis, Andreas","NBA","SEA","2006-2007","20061110SEACHA","Basketball Value","Regular Season"
"642",643,"Azubuike","Azubuike, Kelenna","NBA","GSW","2006-2007","20070102GSWNOK","Basketball Value","Regular Season"
"643",644,"A. Brown","Brown, Andre","NBA","SEA","2006-2007","20070105NYKSEA","Basketball Value","Regular Season"
"644",644,"Brown","Brown, Andre","NBA","SEA","2006-2007","20070105NYKSEA","Basketball Value","Regular Season"
"645",646,"Williams","Williams, Justin","NBA","SAC","2006-2007","20070113HOUSAC","Basketball Value","Regular Season"
"646",647,"Major","Major, Renaldo","NBA","GSW","2006-2007","20070117GSWLAC","Basketball Value","Regular Season"
"647",649,"Conroy","Conroy, Will","NBA","MEM","2006-2007","20070131DALMEM","Basketball Value","Regular Season"
"648",649,"Conroy","Conroy, Will","NBA","LAC","2006-2007","20070301LACSEA","Basketball Value","Regular Season"
"649",650,"Richardson","Richardson, Jeremy","NBA","POR","2006-2007","20070311GSWPOR","Basketball Value","Regular Season"
"650",650,"Richardson","Richardson, Jeremy","NBA","ATL","2006-2007","20070131GSWATL","Basketball Value","Regular Season"
"651",651,"Reiner","Reiner, Jared","NBA","MIL","2006-2007","20070208MILNOK","Basketball Value","Regular Season"
"652",652,"Harrington","Harrington, Lorinza (Junior)","NBA","MEM","2006-2007","20070210MEMNOK","Basketball Value","Regular Season"
"653",653,"Amundson","Amundson, Louis","NBA","UTA","2006-2007","20070224BOSUTA","Basketball Value","Regular Season"
"654",653,"Amundson","Amundson, Louis","NBA","PHI","2006-2007","20070313PHIATL","Basketball Value","Regular Season"
"655",654,"White","White, James","NBA","SAS","2006-2007","20070326SASGSW","Basketball Value","Regular Season"
"656",655,"Morris","Morris, Randolph","NBA","NYK","2006-2007","20070328CLENYK","Basketball Value","Regular Season"
"657",656,"Hall","Hall, Mike","NBA","WAS","2006-2007","20070403WASCHA","Basketball Value","Regular Season"
"658",657,"Pinkney","Pinkney, Kevin","NBA","BOS","2006-2007","20070404BOSMIL","Basketball Value","Regular Season"
"659",658,"Willis","Willis, Kevin","NBA","DAL","2006-2007","20070407PORDAL","Basketball Value","Regular Season"
